brazil,1.178.32.0-1.178.47.255
brazil,2.16.15.0-2.16.15.255
brazil,2.16.25.0-2.16.25.255
brazil,2.16.52.0-2.16.52.255
brazil,2.16.54.0-2.16.54.255
brazil,2.16.120.0-2.16.120.255
brazil,2.16.149.0-2.16.149.255
brazil,2.16.152.0-2.16.152.127
brazil,2.16.156.0-2.16.156.255
brazil,2.16.171.0-2.16.171.255
brazil,2.16.173.0-2.16.173.255
brazil,2.16.188.0-2.16.189.255
brazil,2.16.196.0-2.16.197.255
brazil,2.16.200.0-2.16.200.255
brazil,2.16.201.0-2.16.201.255
brazil,2.16.224.0-2.16.227.255
brazil,2.16.231.128-2.16.231.255
brazil,2.16.248.0-2.16.251.255
brazil,2.17.123.0-2.17.123.255
brazil,2.17.128.0-2.17.129.255
brazil,2.17.162.0-2.17.165.255
brazil,2.17.166.0-2.17.167.255
brazil,2.17.245.0-2.17.245.127
brazil,2.18.65.0-2.18.65.255
brazil,2.18.145.0-2.18.145.255
brazil,2.18.149.0-2.18.149.255
brazil,2.18.151.0-2.18.151.255
brazil,2.18.154.0-2.18.154.255
brazil,2.18.156.0-2.18.157.255
brazil,2.18.164.0-2.18.164.255
brazil,2.18.179.0-2.18.179.255
brazil,2.18.189.0-2.18.190.255
brazil,2.18.216.0-2.18.217.127
brazil,2.18.218.0-2.18.218.127
brazil,2.18.251.0-2.18.251.255
brazil,2.19.83.0-2.19.83.255
brazil,2.19.87.0-2.19.87.255
brazil,2.19.164.0-2.19.164.255
brazil,2.19.166.0-2.19.166.255
brazil,2.19.175.0-2.19.175.255
brazil,2.19.182.0-2.19.182.255
brazil,2.20.13.0-2.20.13.255
brazil,2.20.64.0-2.20.67.255
brazil,2.20.144.0-2.20.147.255
brazil,2.20.181.0-2.20.181.127
brazil,2.20.190.0-2.20.190.255
brazil,2.20.196.0-2.20.196.255
brazil,2.21.70.0-2.21.70.127
brazil,2.21.72.0-2.21.72.255
brazil,2.21.80.0-2.21.80.127
brazil,2.21.82.0-2.21.82.255
brazil,2.21.87.0-2.21.87.255
brazil,2.21.90.0-2.21.91.255
brazil,2.22.80.0-2.22.83.255
brazil,2.22.84.0-2.22.87.255
brazil,2.22.120.0-2.22.120.127
brazil,2.22.123.0-2.22.123.255
brazil,2.22.125.0-2.22.125.255
brazil,2.22.224.0-2.22.224.255
brazil,2.23.98.0-2.23.99.255
brazil,2.23.100.0-2.23.101.255
brazil,2.23.148.0-2.23.151.255
brazil,2.23.185.0-2.23.186.255
brazil,2.23.188.0-2.23.191.255
brazil,2.57.171.0-2.57.171.255
brazil,3.5.232.0-3.5.235.255
brazil,4.33.224.0-4.33.227.255
brazil,4.228.0.0-4.228.255.255
brazil,4.238.0.0-4.238.127.255
brazil,4.238.128.0-4.238.255.255
brazil,5.44.248.0-5.44.248.255
brazil,5.62.51.0-5.62.51.255
brazil,5.135.48.0-5.135.48.255
brazil,5.178.46.192-5.178.46.255
brazil,5.180.148.0-5.180.148.255
brazil,5.188.4.0-5.188.4.255
brazil,5.188.225.0-5.188.225.255
brazil,5.188.238.0-5.188.238.255
brazil,5.188.239.0-5.188.239.255
brazil,5.196.63.0-5.196.63.255
brazil,5.196.150.0-5.196.150.255
brazil,5.252.24.0-5.252.24.255
brazil,8.14.201.0-8.14.201.255
brazil,8.14.202.0-8.14.202.255
brazil,8.14.203.0-8.14.203.255
brazil,8.18.113.0-8.18.113.255
brazil,8.24.242.0-8.24.242.255
brazil,8.36.217.0-8.36.217.255
brazil,8.50.17.0-8.50.17.255
brazil,8.241.204.0-8.241.204.255
brazil,8.241.209.0-8.241.209.255
brazil,8.241.219.0-8.241.219.255
brazil,8.241.222.0-8.241.222.255
brazil,8.241.232.0-8.241.232.255
brazil,8.241.234.0-8.241.234.255
brazil,8.241.236.0-8.241.236.255
brazil,8.242.0.0-8.242.2.207
brazil,8.242.2.208-8.242.2.215
brazil,8.242.2.216-8.242.18.223
brazil,8.242.18.224-8.242.18.231
brazil,8.242.18.232-8.242.30.175
brazil,8.242.30.176-8.242.30.223
brazil,8.242.30.224-8.242.31.255
brazil,8.242.32.0-8.242.32.255
brazil,8.242.33.0-8.242.34.255
brazil,8.242.35.0-8.242.35.255
brazil,8.242.36.0-8.242.44.183
brazil,8.242.44.184-8.242.44.191
brazil,8.242.44.192-8.242.49.255
brazil,8.242.50.0-8.242.50.255
brazil,8.242.51.0-8.242.63.255
brazil,8.242.65.0-8.242.67.255
brazil,8.242.72.0-8.242.79.255
brazil,8.242.180.0-8.242.183.255
brazil,8.243.32.0-8.243.34.7
brazil,8.243.34.8-8.243.34.87
brazil,8.243.34.88-8.243.36.7
brazil,8.243.36.8-8.243.36.255
brazil,8.243.37.0-8.243.37.223
brazil,8.243.37.224-8.243.39.255
brazil,8.243.40.0-8.243.40.255
brazil,8.243.41.0-8.243.41.255
brazil,8.243.42.0-8.243.43.31
brazil,8.243.43.32-8.243.43.255
brazil,8.243.44.0-8.243.44.247
brazil,8.243.44.248-8.243.47.127
brazil,8.243.47.128-8.243.48.15
brazil,8.243.48.16-8.243.48.255
brazil,8.243.49.0-8.243.49.255
brazil,8.243.50.0-8.243.50.255
brazil,8.243.51.0-8.243.51.199
brazil,8.243.51.200-8.243.53.15
brazil,8.243.53.16-8.243.53.247
brazil,8.243.53.248-8.243.55.15
brazil,8.243.55.16-8.243.55.255
brazil,8.243.56.0-8.243.57.7
brazil,8.243.57.8-8.243.57.255
brazil,8.243.58.0-8.243.58.255
brazil,8.243.59.0-8.243.59.255
brazil,8.243.60.0-8.243.60.231
brazil,8.243.60.232-8.243.63.31
brazil,8.243.63.32-8.243.63.255
brazil,8.243.113.40-8.243.113.255
brazil,8.243.144.0-8.243.147.255
brazil,8.243.148.0-8.243.149.7
brazil,8.243.149.8-8.243.150.15
brazil,8.243.150.16-8.243.150.255
brazil,8.243.151.0-8.243.153.7
brazil,8.243.153.8-8.243.153.255
brazil,8.243.154.0-8.243.155.7
brazil,8.243.155.8-8.243.155.247
brazil,8.243.155.248-8.243.157.39
brazil,8.243.157.40-8.243.157.255
brazil,8.243.158.0-8.243.159.7
brazil,8.243.159.8-8.243.159.255
brazil,13.32.116.0-13.32.116.255
brazil,13.33.94.0-13.33.94.255
brazil,13.33.108.0-13.33.109.255
brazil,13.33.120.0-13.33.123.255
brazil,13.33.128.0-13.33.135.255
brazil,13.34.29.0-13.34.29.63
brazil,13.34.63.64-13.34.63.255
brazil,13.34.74.0-13.34.74.255
brazil,13.104.103.0-13.104.103.255
brazil,13.104.105.192-13.104.106.191
brazil,13.105.8.0-13.105.9.255
brazil,13.105.12.0-13.105.13.255
brazil,13.105.52.0-13.105.52.255
brazil,13.105.76.0-13.105.77.255
brazil,13.107.48.0-13.107.48.255
brazil,13.116.64.0-13.116.71.255
brazil,13.116.72.64-13.116.74.255
brazil,13.116.76.0-13.116.77.127
brazil,13.116.77.192-13.116.90.255
brazil,13.116.91.64-13.116.98.255
brazil,13.116.99.64-13.116.104.63
brazil,13.116.104.128-13.116.109.191
brazil,13.116.110.0-13.116.112.127
brazil,13.116.113.0-13.116.116.191
brazil,13.116.117.0-13.116.124.255
brazil,13.116.126.0-13.116.127.255
brazil,13.227.85.0-13.227.87.255
brazil,13.227.96.0-13.227.116.255
brazil,13.227.120.0-13.227.127.255
brazil,13.248.104.0-13.248.104.255
brazil,13.248.114.0-13.248.114.255
brazil,15.158.8.0-15.158.8.255
brazil,15.158.19.0-15.158.19.255
brazil,15.158.37.0-15.158.37.255
brazil,15.158.86.0-15.158.86.255
brazil,15.158.108.0-15.158.108.255
brazil,15.158.167.0-15.158.167.255
brazil,15.158.175.0-15.158.175.255
brazil,15.177.24.0-15.177.31.255
brazil,15.177.70.0-15.177.71.255
brazil,15.177.88.0-15.177.88.255
brazil,15.221.6.0-15.221.6.255
brazil,15.221.40.0-15.221.47.255
brazil,15.228.0.0-15.228.8.255
brazil,15.228.9.0-15.228.9.255
brazil,15.228.10.0-15.228.198.255
brazil,15.228.199.0-15.228.199.255
brazil,15.228.200.0-15.228.227.255
brazil,15.228.228.0-15.228.228.255
brazil,15.228.229.0-15.229.21.255
brazil,15.229.22.0-15.229.22.255
brazil,15.229.23.0-15.229.53.255
brazil,15.229.54.0-15.229.54.255
brazil,15.229.55.0-15.229.255.255
brazil,15.230.73.0-15.230.73.191
brazil,15.230.93.0-15.230.94.255
brazil,15.230.197.0-15.230.197.255
brazil,15.230.250.0-15.230.250.255
brazil,15.230.252.0-15.230.252.255
brazil,15.231.0.0-15.231.255.255
brazil,15.235.3.0-15.235.3.255
brazil,15.235.5.232-15.235.6.255
brazil,15.235.27.0-15.235.27.255
brazil,16.12.0.0-16.12.2.255
brazil,17.43.176.0-17.43.183.255
brazil,17.47.4.0-17.47.4.255
brazil,17.48.16.0-17.48.31.255
brazil,17.50.16.0-17.50.23.255
brazil,17.50.24.0-17.50.31.255
brazil,17.119.28.0-17.119.29.255
brazil,17.119.32.0-17.119.35.255
brazil,17.119.80.0-17.119.83.255
brazil,17.119.124.0-17.119.127.255
brazil,17.253.10.0-17.253.10.255
brazil,17.253.18.0-17.253.19.255
brazil,18.64.195.0-18.64.209.255
brazil,18.67.117.0-18.67.146.255
brazil,18.161.192.0-18.161.206.255
brazil,18.228.0.0-18.228.75.255
brazil,18.228.76.0-18.228.76.255
brazil,18.228.77.0-18.228.77.255
brazil,18.228.78.0-18.228.78.255
brazil,18.228.79.0-18.228.170.255
brazil,18.228.171.0-18.228.171.255
brazil,18.228.172.0-18.228.172.255
brazil,18.228.173.0-18.228.173.255
brazil,18.228.174.0-18.228.193.255
brazil,18.228.194.0-18.228.194.255
brazil,18.228.195.0-18.228.195.255
brazil,18.228.196.0-18.229.70.255
brazil,18.229.71.0-18.229.71.255
brazil,18.229.72.0-18.229.250.255
brazil,18.229.251.0-18.229.251.255
brazil,18.229.252.0-18.230.9.255
brazil,18.230.10.0-18.230.10.255
brazil,18.230.11.0-18.231.137.255
brazil,18.231.138.0-18.231.138.255
brazil,18.231.139.0-18.231.173.255
brazil,18.231.174.0-18.231.174.255
brazil,18.231.175.0-18.231.255.255
brazil,20.20.32.0-20.20.32.255
brazil,20.40.16.0-20.40.23.255
brazil,20.40.32.0-20.40.39.255
brazil,20.40.112.0-20.40.119.255
brazil,20.47.39.0-20.47.39.255
brazil,20.47.86.0-20.47.86.255
brazil,20.60.36.0-20.60.37.255
brazil,20.95.240.0-20.95.240.255
brazil,20.132.176.0-20.132.191.255
brazil,20.132.231.0-20.132.231.255
brazil,20.132.248.0-20.132.248.255
brazil,20.135.76.0-20.135.77.255
brazil,20.135.128.0-20.135.133.255
brazil,20.148.0.0-20.148.15.255
brazil,20.148.16.0-20.148.31.255
brazil,20.148.208.0-20.148.223.255
brazil,20.149.16.0-20.149.31.255
brazil,20.149.64.0-20.149.255.255
brazil,20.150.73.0-20.150.73.255
brazil,20.150.80.0-20.150.80.255
brazil,20.150.111.0-20.150.111.255
brazil,20.150.123.0-20.150.123.255
brazil,20.157.42.0-20.157.42.255
brazil,20.157.55.0-20.157.55.255
brazil,20.157.189.0-20.157.189.255
brazil,20.157.198.0-20.157.198.255
brazil,20.157.222.0-20.157.222.255
brazil,20.157.227.0-20.157.227.255
brazil,20.190.145.0-20.190.145.255
brazil,20.190.173.0-20.190.173.255
brazil,20.195.128.0-20.195.131.255
brazil,20.195.136.0-20.195.137.255
brazil,20.195.138.0-20.195.143.255
brazil,20.195.144.0-20.195.146.199
brazil,20.195.146.200-20.195.150.159
brazil,20.195.150.160-20.195.152.255
brazil,20.195.153.0-20.195.164.255
brazil,20.195.165.0-20.195.165.255
brazil,20.195.166.0-20.195.168.255
brazil,20.195.169.0-20.195.169.255
brazil,20.195.170.0-20.195.184.255
brazil,20.195.185.0-20.195.185.255
brazil,20.195.186.0-20.195.186.255
brazil,20.195.187.0-20.195.191.255
brazil,20.195.192.0-20.195.192.255
brazil,20.195.193.0-20.195.199.255
brazil,20.195.200.0-20.195.200.255
brazil,20.195.201.0-20.195.225.255
brazil,20.195.226.0-20.195.226.255
brazil,20.195.227.0-20.195.227.255
brazil,20.195.228.0-20.195.228.255
brazil,20.195.229.0-20.195.229.255
brazil,20.195.230.0-20.195.230.255
brazil,20.195.231.0-20.195.255.255
brazil,20.197.128.0-20.197.180.255
brazil,20.197.181.0-20.197.181.255
brazil,20.197.182.0-20.197.190.255
brazil,20.197.191.0-20.197.191.255
brazil,20.197.192.0-20.197.197.255
brazil,20.197.198.0-20.197.198.255
brazil,20.197.199.0-20.197.199.255
brazil,20.197.200.0-20.197.223.255
brazil,20.197.224.0-20.197.224.255
brazil,20.197.225.0-20.197.227.255
brazil,20.197.228.0-20.197.228.255
brazil,20.197.229.0-20.197.231.255
brazil,20.197.232.0-20.197.232.255
brazil,20.197.233.0-20.197.255.255
brazil,20.201.0.0-20.201.24.211
brazil,20.201.24.212-20.201.24.212
brazil,20.201.24.213-20.201.58.116
brazil,20.201.58.117-20.201.58.117
brazil,20.201.58.118-20.201.66.43
brazil,20.201.66.44-20.201.66.147
brazil,20.201.66.148-20.201.73.132
brazil,20.201.73.133-20.201.73.133
brazil,20.201.73.134-20.201.111.255
brazil,20.201.112.0-20.201.112.255
brazil,20.201.113.0-20.201.123.255
brazil,20.201.124.0-20.201.124.255
brazil,20.201.125.0-20.201.125.255
brazil,20.201.126.0-20.201.127.255
brazil,20.202.80.0-20.202.83.255
brazil,20.206.0.0-20.206.2.127
brazil,20.206.2.128-20.206.3.19
brazil,20.206.3.20-20.206.4.235
brazil,20.206.4.236-20.206.63.255
brazil,20.206.64.0-20.206.65.255
brazil,20.206.66.0-20.206.66.255
brazil,20.206.67.0-20.206.67.255
brazil,20.206.68.0-20.206.68.255
brazil,20.206.69.0-20.206.69.255
brazil,20.206.70.0-20.206.76.255
brazil,20.206.77.0-20.206.77.255
brazil,20.206.78.0-20.206.78.255
brazil,20.206.79.0-20.206.80.255
brazil,20.206.81.0-20.206.81.255
brazil,20.206.82.0-20.206.83.255
brazil,20.206.84.0-20.206.84.255
brazil,20.206.85.0-20.206.86.255
brazil,20.206.87.0-20.206.87.255
brazil,20.206.88.0-20.206.97.255
brazil,20.206.98.0-20.206.98.255
brazil,20.206.99.0-20.206.100.255
brazil,20.206.101.0-20.206.101.255
brazil,20.206.102.0-20.206.118.255
brazil,20.206.119.0-20.206.119.255
brazil,20.206.120.0-20.206.120.255
brazil,20.206.121.0-20.206.121.255
brazil,20.206.122.0-20.206.126.255
brazil,20.206.127.0-20.206.127.255
brazil,20.206.128.0-20.206.128.255
brazil,20.206.129.0-20.206.129.255
brazil,20.206.130.0-20.206.130.255
brazil,20.206.131.0-20.206.131.255
brazil,20.206.132.0-20.206.132.255
brazil,20.206.133.0-20.206.133.255
brazil,20.206.134.0-20.206.175.255
brazil,20.206.176.0-20.206.178.175
brazil,20.206.178.176-20.206.183.63
brazil,20.206.183.64-20.206.183.79
brazil,20.206.183.80-20.206.255.255
brazil,20.209.12.0-20.209.13.255
brazil,20.209.82.0-20.209.83.255
brazil,20.226.0.0-20.226.3.255
brazil,20.226.4.0-20.226.4.255
brazil,20.226.5.0-20.226.10.255
brazil,20.226.11.0-20.226.11.255
brazil,20.226.12.0-20.226.15.255
brazil,20.226.16.0-20.226.16.255
brazil,20.226.17.0-20.226.17.255
brazil,20.226.18.0-20.226.48.255
brazil,20.226.49.0-20.226.49.255
brazil,20.226.50.0-20.226.90.255
brazil,20.226.91.0-20.226.91.255
brazil,20.226.92.0-20.226.108.255
brazil,20.226.109.0-20.226.109.255
brazil,20.226.110.0-20.226.255.255
brazil,20.231.128.0-20.231.128.255
brazil,23.1.80.0-23.1.95.255
brazil,23.2.176.0-23.2.191.255
brazil,23.3.48.0-23.3.63.255
brazil,23.3.128.0-23.3.131.255
brazil,23.3.224.0-23.3.239.255
brazil,23.4.64.0-23.4.79.255
brazil,23.4.193.0-23.4.197.255
brazil,23.4.200.0-23.4.204.255
brazil,23.4.242.0-23.4.242.255
brazil,23.4.245.0-23.4.246.255
brazil,23.5.16.0-23.5.47.255
brazil,23.6.224.0-23.6.239.255
brazil,23.10.48.0-23.10.63.255
brazil,23.10.250.0-23.10.250.255
brazil,23.15.190.0-23.15.191.255
brazil,23.26.234.0-23.26.234.255
brazil,23.27.131.0-23.27.131.255
brazil,23.32.0.0-23.32.0.255
brazil,23.32.32.0-23.32.35.255
brazil,23.32.184.0-23.32.187.255
brazil,23.36.72.0-23.36.75.255
brazil,23.37.208.0-23.37.223.255
brazil,23.37.228.0-23.37.229.255
brazil,23.37.240.0-23.37.255.255
brazil,23.38.116.0-23.38.117.255
brazil,23.38.144.0-23.38.159.255
brazil,23.39.56.0-23.39.59.255
brazil,23.39.211.0-23.39.211.255
brazil,23.39.220.0-23.39.220.255
brazil,23.40.24.0-23.40.27.255
brazil,23.41.10.0-23.41.10.255
brazil,23.41.172.0-23.41.175.255
brazil,23.41.192.0-23.41.207.255
brazil,23.41.254.0-23.41.255.255
brazil,23.42.240.0-23.42.255.255
brazil,23.43.174.0-23.43.175.255
brazil,23.43.250.0-23.43.251.255
brazil,23.44.139.0-23.44.139.255
brazil,23.44.176.0-23.44.195.255
brazil,23.45.14.0-23.45.15.255
brazil,23.45.208.0-23.45.227.255
brazil,23.46.0.0-23.46.1.255
brazil,23.46.18.0-23.46.19.255
brazil,23.47.176.0-23.47.179.255
brazil,23.52.4.0-23.52.7.255
brazil,23.52.36.0-23.52.39.255
brazil,23.52.116.0-23.52.119.255
brazil,23.52.127.128-23.52.127.255
brazil,23.52.134.0-23.52.134.255
brazil,23.52.188.0-23.52.191.255
brazil,23.54.20.0-23.54.23.255
brazil,23.55.32.0-23.55.35.255
brazil,23.56.110.0-23.56.110.255
brazil,23.57.109.0-23.57.109.255
brazil,23.58.94.0-23.58.94.255
brazil,23.58.147.0-23.58.147.255
brazil,23.59.162.0-23.59.162.255
brazil,23.59.169.0-23.59.169.255
brazil,23.59.215.0-23.59.215.255
brazil,23.59.232.0-23.59.234.255
brazil,23.59.236.0-23.59.239.255
brazil,23.59.254.0-23.59.254.255
brazil,23.60.15.0-23.60.15.255
brazil,23.61.112.0-23.61.115.255
brazil,23.61.118.0-23.61.123.255
brazil,23.61.128.0-23.61.159.255
brazil,23.62.40.0-23.62.43.255
brazil,23.62.56.0-23.62.59.255
brazil,23.63.28.0-23.63.29.255
brazil,23.65.128.0-23.65.143.255
brazil,23.65.180.0-23.65.180.255
brazil,23.66.103.0-23.66.103.255
brazil,23.67.35.0-23.67.35.255
brazil,23.67.76.0-23.67.77.255
brazil,23.73.208.0-23.73.208.255
brazil,23.73.210.0-23.73.211.255
brazil,23.73.215.0-23.73.216.255
brazil,23.73.220.0-23.73.223.255
brazil,23.74.26.0-23.74.27.255
brazil,23.74.176.0-23.74.207.255
brazil,23.75.18.0-23.75.19.255
brazil,23.76.150.0-23.76.151.255
brazil,23.76.200.0-23.76.203.255
brazil,23.76.240.0-23.76.255.255
brazil,23.77.32.0-23.77.47.255
brazil,23.77.96.0-23.77.127.255
brazil,23.92.83.32-23.92.83.255
brazil,23.92.84.0-23.92.84.255
brazil,23.92.85.0-23.92.85.255
brazil,23.92.86.0-23.92.86.255
brazil,23.92.89.0-23.92.89.223
brazil,23.92.94.0-23.92.94.255
brazil,23.92.213.96-23.92.213.255
brazil,23.97.96.0-23.97.97.28
brazil,23.97.97.29-23.97.97.36
brazil,23.97.97.37-23.97.108.169
brazil,23.97.108.170-23.97.108.170
brazil,23.97.108.171-23.97.112.255
brazil,23.97.116.0-23.97.127.255
brazil,23.175.192.0-23.175.192.255
brazil,23.192.178.0-23.192.178.255
brazil,23.192.184.0-23.192.187.255
brazil,23.192.190.0-23.192.190.255
brazil,23.192.216.0-23.192.216.255
brazil,23.194.220.0-23.194.221.255
brazil,23.195.148.0-23.195.151.255
chile,2.22.148.0-2.22.148.255
chile,2.23.178.0-2.23.178.255
chile,2.57.28.0-2.57.31.255
chile,4.69.216.0-4.69.216.255
chile,4.69.220.0-4.69.220.255
chile,8.14.204.0-8.14.204.255
chile,8.36.218.0-8.36.218.255
chile,8.51.2.0-8.51.3.255
chile,8.51.7.0-8.51.7.255
chile,8.51.46.0-8.51.46.255
chile,8.241.254.0-8.241.254.255
chile,8.242.200.0-8.242.201.83
chile,8.242.201.84-8.242.201.255
chile,8.242.202.0-8.242.203.255
chile,8.242.204.0-8.242.205.11
chile,8.242.205.12-8.242.205.247
chile,8.242.205.248-8.242.206.239
chile,8.242.206.240-8.242.207.255
chile,8.243.176.0-8.243.191.255
chile,13.227.181.0-13.227.183.255
chile,13.227.192.0-13.227.196.255
chile,13.227.200.0-13.227.207.255
chile,15.235.18.0-15.235.18.255
chile,17.43.132.0-17.43.135.255
chile,20.201.132.0-20.201.134.255
chile,23.2.64.0-23.2.67.255
chile,23.3.240.0-23.3.255.255
chile,23.6.0.0-23.6.15.255
chile,23.12.112.0-23.12.127.255
chile,23.14.64.0-23.14.79.255
chile,23.14.87.0-23.14.87.255
chile,23.15.184.0-23.15.187.255
chile,23.15.192.0-23.15.193.255
chile,23.41.11.0-23.41.11.255
chile,23.41.144.0-23.41.159.255
chile,23.44.231.0-23.44.231.255
chile,23.51.144.0-23.51.159.255
chile,23.56.214.0-23.56.219.255
chile,23.59.24.0-23.59.27.255
chile,23.59.228.0-23.59.231.255
chile,23.60.14.0-23.60.14.255
chile,23.60.100.0-23.60.103.255
chile,23.62.52.0-23.62.52.255
chile,23.72.251.0-23.72.251.255
chile,23.78.224.0-23.78.255.255
chile,23.195.99.0-23.195.99.255
chile,23.204.95.0-23.204.95.255
chile,23.213.29.0-23.213.30.255
chile,23.213.206.0-23.213.207.255
chile,23.219.44.0-23.219.47.255
chile,23.219.148.0-23.219.151.255
chile,23.222.237.0-23.222.238.255
chile,23.253.141.88-23.253.141.255
chile,24.239.163.0-24.239.163.255
chile,31.169.121.0-31.169.121.255
chile,32.59.28.0-32.59.28.255
chile,32.59.29.0-32.59.29.55
chile,32.59.68.0-32.59.68.255
chile,32.59.69.0-32.59.69.255
chile,32.59.70.0-32.59.70.127
chile,32.59.98.0-32.59.98.255
chile,32.59.99.0-32.59.99.255
chile,34.100.20.0-34.100.23.255
chile,34.100.54.0-34.100.55.255
chile,34.104.50.0-34.104.51.255
chile,34.127.178.0-34.127.179.255
chile,34.176.0.0-34.176.255.255
chile,37.143.128.0-37.143.128.255
chile,37.235.52.0-37.235.52.255
chile,37.252.251.0-37.252.251.255
chile,38.7.192.0-38.7.222.255
chile,38.7.223.0-38.7.223.255
chile,38.9.192.0-38.9.222.255
chile,38.9.223.0-38.9.223.255
chile,38.41.176.0-38.41.183.255
chile,38.43.78.0-38.43.78.255
chile,38.54.46.0-38.54.47.255
chile,38.99.237.0-38.99.237.255
chile,40.102.32.0-40.102.35.255
chile,43.152.21.0-43.152.21.255
chile,43.152.49.0-43.152.49.255
chile,44.157.0.0-44.157.1.15
chile,44.157.2.0-44.157.2.31
chile,44.157.8.0-44.157.8.255
chile,44.157.9.0-44.157.9.255
chile,45.4.0.0-45.4.1.255
chile,45.4.2.0-45.4.2.255
chile,45.4.3.0-45.4.3.255
chile,45.4.168.0-45.4.171.255
chile,45.5.120.0-45.5.123.255
chile,45.5.124.0-45.5.127.255
chile,45.7.228.0-45.7.231.255
chile,45.57.60.0-45.57.60.255
chile,45.65.240.0-45.65.243.255
chile,45.68.16.0-45.68.19.255
chile,45.71.8.0-45.71.11.255
chile,45.71.44.0-45.71.44.255
chile,45.71.45.0-45.71.45.255
chile,45.71.46.0-45.71.47.255
chile,45.82.103.0-45.82.103.255
chile,45.87.10.0-45.87.10.255
chile,45.160.4.0-45.160.7.255
chile,45.160.12.0-45.160.12.255
chile,45.160.13.0-45.160.13.255
chile,45.160.14.0-45.160.14.255
chile,45.160.15.0-45.160.15.255
chile,45.160.72.0-45.160.72.255
chile,45.160.73.0-45.160.73.255
chile,45.160.74.0-45.160.75.255
chile,45.160.188.0-45.160.189.255
chile,45.160.190.0-45.160.190.255
chile,45.160.191.0-45.160.191.255
chile,45.160.212.0-45.160.215.255
chile,45.161.44.0-45.161.47.255
chile,45.161.108.0-45.161.111.255
chile,45.161.112.0-45.161.115.255
chile,45.161.188.0-45.161.189.255
chile,45.161.190.0-45.161.190.255
chile,45.161.191.0-45.161.191.255
chile,45.162.132.0-45.162.132.255
chile,45.162.133.0-45.162.133.255
chile,45.162.134.0-45.162.134.255
chile,45.162.135.0-45.162.135.255
chile,45.162.184.0-45.162.187.255
chile,45.162.192.0-45.162.194.255
chile,45.162.195.0-45.162.195.255
chile,45.162.208.0-45.162.209.255
chile,45.162.210.0-45.162.210.255
chile,45.162.211.0-45.162.211.255
chile,45.165.40.0-45.165.43.255
chile,45.165.168.0-45.165.171.255
chile,45.166.72.0-45.166.75.255
chile,45.166.144.0-45.166.144.255
chile,45.166.145.0-45.166.145.255
chile,45.166.146.0-45.166.147.255
chile,45.167.24.0-45.167.24.255
chile,45.167.25.0-45.167.26.255
chile,45.167.27.0-45.167.27.255
chile,45.167.192.0-45.167.192.255
chile,45.167.193.0-45.167.193.255
chile,45.167.194.0-45.167.194.255
chile,45.167.195.0-45.167.195.255
chile,45.168.68.0-45.168.71.255
chile,45.169.54.0-45.169.55.255
chile,45.169.148.0-45.169.151.255
chile,45.169.163.0-45.169.163.255
chile,45.170.100.0-45.170.100.255
chile,45.170.101.0-45.170.102.255
chile,45.170.103.0-45.170.103.255
chile,45.170.135.0-45.170.135.255
chile,45.171.48.0-45.171.49.255
chile,45.171.220.0-45.171.223.255
chile,45.172.136.0-45.172.139.255
chile,45.173.120.0-45.173.121.255
chile,45.173.122.0-45.173.123.255
chile,45.173.128.0-45.173.131.255
chile,45.174.104.0-45.174.107.255
chile,45.174.204.0-45.174.207.255
chile,45.175.21.0-45.175.21.255
chile,45.176.116.0-45.176.116.255
chile,45.176.117.0-45.176.117.255
chile,45.176.118.0-45.176.119.255
chile,45.176.164.0-45.176.164.255
chile,45.176.165.0-45.176.165.255
chile,45.176.166.0-45.176.167.255
chile,45.176.192.0-45.176.192.255
chile,45.177.96.0-45.177.98.255
chile,45.177.99.0-45.177.99.255
chile,45.178.132.0-45.178.132.255
chile,45.178.133.0-45.178.135.255
chile,45.180.24.0-45.180.27.255
chile,45.180.68.0-45.180.69.255
chile,45.180.70.0-45.180.70.255
chile,45.180.71.0-45.180.71.255
chile,45.180.172.0-45.180.175.255
chile,45.181.78.0-45.181.79.255
chile,45.181.120.0-45.181.121.255
chile,45.181.122.0-45.181.122.127
chile,45.181.122.128-45.181.123.255
chile,45.182.116.0-45.182.116.255
chile,45.183.179.0-45.183.179.255
chile,45.184.84.0-45.184.84.255
chile,45.184.85.0-45.184.87.255
chile,45.186.148.0-45.186.148.255
chile,45.186.149.0-45.186.151.255
chile,45.190.16.0-45.190.19.255
chile,45.191.0.0-45.191.0.255
chile,45.191.48.0-45.191.51.255
chile,45.191.100.0-45.191.103.255
chile,45.199.158.0-45.199.159.255
chile,45.225.43.0-45.225.43.255
chile,45.225.92.0-45.225.92.255
chile,45.225.93.0-45.225.93.255
chile,45.225.94.0-45.225.94.255
chile,45.225.95.0-45.225.95.255
chile,45.225.132.0-45.225.133.255
chile,45.225.184.0-45.225.184.255
chile,45.225.185.0-45.225.187.255
chile,45.225.204.0-45.225.207.255
chile,45.226.168.0-45.226.171.255
chile,45.227.60.0-45.227.60.255
chile,45.227.62.0-45.227.63.255
chile,45.227.131.0-45.227.131.255
chile,45.227.176.0-45.227.176.255
chile,45.227.177.0-45.227.177.255
chile,45.227.178.0-45.227.179.255
chile,45.228.208.0-45.228.208.255
chile,45.228.209.0-45.228.209.255
chile,45.228.210.0-45.228.210.255
chile,45.228.211.0-45.228.211.255
chile,45.229.137.0-45.229.137.255
chile,45.229.188.0-45.229.190.255
chile,45.229.191.0-45.229.191.255
chile,45.229.247.0-45.229.247.255
chile,45.230.21.0-45.230.21.255
chile,45.230.22.0-45.230.22.255
chile,45.230.23.0-45.230.23.255
chile,45.230.36.0-45.230.37.255
chile,45.230.38.0-45.230.39.255
chile,45.230.48.0-45.230.48.255
chile,45.230.49.0-45.230.49.255
chile,45.230.50.0-45.230.50.255
chile,45.230.51.0-45.230.51.255
chile,45.231.48.0-45.231.51.255
chile,45.232.32.0-45.232.32.255
chile,45.232.33.0-45.232.33.255
chile,45.232.34.0-45.232.34.255
chile,45.232.35.0-45.232.35.255
chile,45.232.92.0-45.232.93.0
chile,45.232.93.1-45.232.93.254
chile,45.232.93.255-45.232.95.0
chile,45.232.95.1-45.232.95.255
chile,45.232.120.0-45.232.123.255
chile,45.232.176.0-45.232.176.255
chile,45.232.177.0-45.232.177.255
chile,45.232.178.0-45.232.179.255
chile,45.232.208.0-45.232.208.255
chile,45.232.209.0-45.232.211.4
chile,45.232.211.5-45.232.211.255
chile,45.234.156.0-45.234.159.255
chile,45.234.224.0-45.234.227.255
chile,45.235.36.0-45.235.37.99
chile,45.235.37.100-45.235.37.171
chile,45.235.37.172-45.235.39.255
chile,45.236.88.0-45.236.91.255
chile,45.236.124.0-45.236.124.255
chile,45.236.125.0-45.236.127.255
chile,45.236.128.0-45.236.131.255
chile,45.236.164.0-45.236.167.255
chile,45.236.174.0-45.236.175.255
chile,45.236.184.0-45.236.187.255
chile,45.237.132.0-45.237.133.255
chile,45.237.134.0-45.237.135.255
chile,45.237.136.0-45.237.136.255
chile,45.237.137.0-45.237.139.255
chile,45.238.20.0-45.238.20.255
chile,45.238.21.0-45.238.23.255
chile,45.238.60.0-45.238.63.255
chile,45.238.152.0-45.238.152.255
chile,45.238.153.0-45.238.153.255
chile,45.238.154.0-45.238.155.255
chile,45.238.176.0-45.238.177.255
chile,45.238.179.0-45.238.179.255
chile,45.239.28.0-45.239.31.255
chile,45.239.96.0-45.239.99.255
chile,45.239.108.0-45.239.110.255
chile,45.239.111.0-45.239.111.255
chile,45.239.112.0-45.239.112.255
chile,45.239.120.0-45.239.120.255
chile,45.239.121.0-45.239.123.255
chile,45.239.208.0-45.239.209.255
chile,45.239.210.0-45.239.210.255
chile,45.239.211.0-45.239.211.255
chile,45.239.216.0-45.239.219.255
chile,51.79.106.0-51.79.106.255
chile,51.161.66.64-51.161.66.255
chile,51.222.3.192-51.222.3.255
chile,51.222.163.0-51.222.163.255
chile,51.222.194.0-51.222.194.255
chile,52.97.3.0-52.97.3.255
chile,52.97.24.0-52.97.24.191
chile,52.97.25.192-52.97.26.255
chile,52.97.28.0-52.97.29.95
chile,52.97.31.0-52.97.31.255
chile,52.97.34.16-52.97.34.239
chile,52.97.36.232-52.97.39.183
chile,52.97.40.8-52.97.41.151
chile,54.39.93.0-54.39.93.255
chile,54.39.225.0-54.39.225.255
chile,57.74.160.0-57.74.191.255
chile,57.97.72.0-57.97.79.255
chile,63.80.178.0-63.80.178.255
chile,63.222.130.0-63.222.130.255
chile,63.223.55.16-63.223.55.79
chile,64.76.96.0-64.76.96.255
chile,64.76.97.0-64.76.97.255
chile,64.76.98.0-64.76.100.255
chile,64.76.101.0-64.76.101.255
chile,64.76.102.0-64.76.103.255
chile,64.76.136.0-64.76.136.255
chile,64.76.138.0-64.76.138.255
chile,64.76.140.0-64.76.140.255
chile,64.76.141.0-64.76.141.255
chile,64.76.142.0-64.76.142.239
chile,64.76.144.0-64.76.145.127
chile,64.76.145.128-64.76.145.255
chile,64.76.146.0-64.76.146.255
chile,64.76.147.0-64.76.147.255
chile,64.76.148.0-64.76.149.255
chile,64.76.150.0-64.76.150.255
chile,64.76.151.0-64.76.151.255
chile,64.76.152.0-64.76.152.255
chile,64.76.153.0-64.76.153.255
chile,64.76.154.0-64.76.154.255
chile,64.76.155.0-64.76.155.255
chile,64.76.156.0-64.76.156.255
chile,64.76.157.0-64.76.157.255
chile,64.76.158.0-64.76.158.255
chile,64.76.160.0-64.76.160.255
chile,64.76.162.0-64.76.162.255
chile,64.76.163.0-64.76.163.255
chile,64.76.164.0-64.76.167.255
chile,64.76.168.0-64.76.168.255
chile,64.76.169.0-64.76.169.255
chile,64.76.170.0-64.76.170.255
chile,64.76.171.0-64.76.171.255
chile,64.76.173.0-64.76.173.255
chile,64.76.175.0-64.76.175.255
chile,64.76.180.0-64.76.181.255
chile,64.76.183.0-64.76.183.255
chile,64.116.212.0-64.116.213.255
chile,64.117.139.184-64.117.139.255
chile,64.252.175.0-64.252.175.255
chile,65.229.142.0-65.229.143.255
chile,66.22.233.0-66.22.233.255
chile,66.90.75.0-66.90.77.74
chile,66.96.32.0-66.96.33.255
chile,66.201.191.0-66.201.191.255
chile,66.203.113.0-66.203.113.255
chile,68.142.101.0-68.142.101.255
chile,69.164.51.0-69.164.51.255
chile,71.152.94.0-71.152.94.255
chile,79.110.239.0-79.110.239.255
chile,85.190.229.0-85.190.229.255
chile,87.249.129.0-87.249.129.255
chile,92.123.121.0-92.123.121.255
chile,94.16.5.0-94.16.5.255
chile,95.101.40.0-95.101.43.255
chile,95.101.60.0-95.101.61.255
chile,96.17.16.0-96.17.31.255
chile,96.45.92.0-96.45.92.255
chile,98.98.9.0-98.98.9.255
chile,102.217.236.0-102.217.236.255
chile,104.28.215.1-104.28.215.254
chile,104.28.247.1-104.28.247.254
chile,104.29.52.0-104.29.52.255
chile,104.94.196.0-104.94.199.255
chile,104.95.24.0-104.95.27.255
chile,104.103.71.0-104.103.71.255
chile,104.114.170.0-104.114.175.255
chile,104.114.224.0-104.114.255.255
chile,104.119.42.0-104.119.42.255
chile,104.125.195.128-104.125.196.127
chile,104.125.198.0-104.125.198.127
chile,104.127.141.0-104.127.141.127
chile,104.132.186.0-104.132.186.255
chile,104.132.197.0-104.132.197.255
chile,104.132.202.0-104.132.202.255
chile,104.133.94.0-104.133.94.255
chile,104.133.166.0-104.133.166.255
chile,104.223.190.192-104.223.190.255
chile,110.238.64.0-110.238.71.255
chile,119.8.144.0-119.8.159.255
chile,128.1.130.0-128.1.130.255
chile,128.94.8.0-128.94.8.255
chile,128.201.116.0-128.201.116.255
chile,128.201.117.0-128.201.117.255
chile,128.201.118.0-128.201.119.255
chile,128.201.224.0-128.201.225.255
chile,128.201.226.0-128.201.226.255
chile,128.201.227.0-128.201.227.255
chile,129.148.152.0-129.148.155.255
chile,129.149.32.0-129.149.39.255
chile,129.151.96.0-129.151.127.255
chile,129.203.70.0-129.203.70.255
chile,129.222.168.0-129.222.175.255
chile,130.36.124.0-130.36.125.255
chile,130.41.96.0-130.41.96.255
chile,130.41.100.0-130.41.100.255
chile,131.0.52.0-131.0.55.47
chile,131.0.55.48-131.0.55.255
chile,131.0.108.0-131.0.110.255
chile,131.0.111.0-131.0.111.255
chile,131.0.172.0-131.0.175.255
chile,131.72.232.0-131.72.234.255
chile,131.72.235.0-131.72.235.255
chile,131.72.236.0-131.72.239.255
chile,131.100.28.0-131.100.31.255
chile,131.108.70.0-131.108.71.255
chile,131.108.208.0-131.108.211.255
chile,131.161.200.0-131.161.200.255
chile,131.161.201.0-131.161.201.127
chile,131.161.201.128-131.161.203.255
chile,131.196.176.0-131.196.176.255
chile,131.196.177.0-131.196.177.255
chile,131.196.178.0-131.196.178.255
chile,131.196.179.0-131.196.179.255
chile,131.221.32.0-131.221.32.255
chile,131.221.33.0-131.221.33.255
chile,131.221.34.0-131.221.34.255
chile,131.221.35.0-131.221.35.255
chile,131.221.164.0-131.221.165.255
chile,131.221.166.0-131.221.166.255
chile,131.221.167.0-131.221.167.255
chile,132.255.68.0-132.255.71.255
chile,132.255.236.0-132.255.237.255
chile,132.255.238.0-132.255.238.255
chile,132.255.239.0-132.255.239.255
chile,134.70.152.0-134.70.155.255
chile,134.238.158.0-134.238.159.31
chile,134.238.230.0-134.238.230.255
chile,138.0.120.0-138.0.123.255
chile,138.36.252.0-138.36.252.255
chile,138.36.253.0-138.36.254.255
chile,138.36.255.0-138.36.255.255
chile,138.84.32.0-138.84.35.255
chile,138.84.43.0-138.84.43.255
chile,138.84.46.0-138.84.63.255
chile,138.99.224.0-138.99.227.255
chile,138.117.68.0-138.117.69.255
chile,138.117.70.0-138.117.71.255
chile,138.117.148.0-138.117.151.255
chile,138.121.96.0-138.121.99.255
chile,138.121.108.0-138.121.111.255
chile,138.121.168.0-138.121.171.255
chile,138.121.176.0-138.121.179.255
chile,138.186.8.0-138.186.11.255
chile,138.186.120.0-138.186.122.255
chile,138.186.123.0-138.186.123.255
chile,138.204.228.0-138.204.231.255
chile,138.219.56.0-138.219.56.255
chile,138.219.57.0-138.219.59.255
chile,138.219.228.0-138.219.228.255
chile,138.219.229.0-138.219.231.255
chile,138.255.97.0-138.255.97.255
chile,138.255.99.0-138.255.99.255
chile,138.255.100.0-138.255.102.127
chile,138.255.102.128-138.255.102.255
chile,138.255.103.0-138.255.103.255
chile,139.81.192.0-139.81.199.255
chile,139.104.223.0-139.104.223.255
chile,139.229.0.0-139.229.131.255
chile,139.229.132.0-139.229.132.255
chile,139.229.133.0-139.229.255.255
chile,140.91.66.0-140.91.67.255
chile,140.91.244.0-140.91.245.255
chile,140.204.86.0-140.204.89.255
chile,141.101.100.0-141.101.103.255
chile,142.250.219.64-142.250.219.255
chile,142.251.128.160-142.251.129.255
chile,143.131.172.0-143.131.172.255
chile,143.202.12.0-143.202.15.255
chile,143.202.140.0-143.202.143.255
chile,143.208.52.0-143.208.55.255
chile,143.255.24.0-143.255.27.255
chile,143.255.104.0-143.255.104.255
chile,143.255.105.0-143.255.105.255
chile,143.255.106.0-143.255.107.127
chile,143.255.107.128-143.255.107.255
chile,143.255.176.0-143.255.179.255
chile,145.34.32.0-145.34.39.255
chile,146.70.11.0-146.70.11.255
chile,146.82.88.0-146.82.88.255
chile,146.82.90.0-146.82.90.255
chile,146.83.0.0-146.83.172.255
chile,146.83.173.0-146.83.173.255
chile,146.83.174.0-146.83.194.255
chile,146.83.195.0-146.83.195.255
chile,146.83.196.0-146.83.255.255
chile,146.155.0.0-146.155.157.255
chile,146.155.158.0-146.155.158.255
chile,146.155.159.0-146.155.255.255
chile,148.143.127.0-148.143.127.255
chile,148.163.222.0-148.163.223.255
chile,149.19.160.0-149.19.161.159
chile,149.20.193.0-149.20.193.255
chile,149.117.15.0-149.117.15.255
chile,152.74.0.0-152.74.255.255
chile,152.139.0.0-152.139.255.255
chile,152.172.0.0-152.172.2.255
chile,152.172.3.0-152.172.3.255
chile,152.172.4.0-152.172.4.127
chile,152.172.4.128-152.172.6.255
chile,152.172.7.0-152.172.7.255
chile,152.172.8.0-152.172.10.255
chile,152.172.11.0-152.172.11.191
chile,152.172.11.192-152.172.12.255
chile,152.172.13.0-152.172.13.63
chile,152.172.13.64-152.172.23.255
chile,152.172.24.0-152.172.25.127
argentina,1.178.48.0-1.178.63.255
argentina,2.17.202.0-2.17.203.255
argentina,2.18.56.0-2.18.59.255
argentina,2.19.108.0-2.19.111.255
argentina,2.19.178.0-2.19.178.255
argentina,2.22.149.0-2.22.149.255
argentina,2.23.102.0-2.23.103.255
argentina,4.33.220.0-4.33.223.255
argentina,5.83.0.0-5.83.1.255
argentina,5.182.124.0-5.182.127.255
argentina,8.37.41.0-8.37.41.255
argentina,8.242.64.0-8.242.64.255
argentina,8.243.0.0-8.243.8.223
argentina,8.243.8.224-8.243.8.239
argentina,8.243.8.240-8.243.11.47
argentina,8.243.11.48-8.243.11.255
argentina,8.243.12.0-8.243.15.31
argentina,8.243.15.32-8.243.15.255
argentina,8.243.16.0-8.243.31.255
argentina,8.243.128.0-8.243.134.231
argentina,8.243.134.232-8.243.134.255
argentina,8.243.135.0-8.243.139.55
argentina,8.243.139.56-8.243.140.7
argentina,8.243.140.8-8.243.141.27
argentina,8.243.141.28-8.243.141.255
argentina,8.243.142.0-8.243.143.255
argentina,13.104.185.0-13.104.185.255
argentina,13.227.69.0-13.227.71.255
argentina,13.227.80.0-13.227.84.255
argentina,13.227.88.0-13.227.95.255
argentina,15.158.79.0-15.158.79.255
argentina,15.158.158.0-15.158.158.255
argentina,18.65.44.0-18.65.58.255
argentina,23.1.144.0-23.1.159.255
argentina,23.1.208.0-23.1.223.255
argentina,23.2.96.0-23.2.111.255
argentina,23.4.88.0-23.4.91.255
argentina,23.12.150.0-23.12.155.255
argentina,23.12.160.0-23.12.191.255
argentina,23.52.192.0-23.52.223.255
argentina,23.55.64.0-23.55.95.255
argentina,23.64.57.0-23.64.58.255
argentina,23.77.192.0-23.77.193.255
argentina,23.77.220.0-23.77.223.255
argentina,23.78.16.0-23.78.31.255
argentina,23.103.180.0-23.103.180.9
argentina,23.192.128.0-23.192.143.255
argentina,23.192.149.0-23.192.149.255
argentina,23.192.156.0-23.192.159.255
argentina,23.196.15.0-23.196.31.255
argentina,23.197.58.0-23.197.59.255
argentina,23.197.208.0-23.197.243.255
argentina,23.198.176.0-23.198.213.255
argentina,23.200.146.0-23.200.146.255
argentina,23.202.152.0-23.202.155.255
argentina,23.202.224.0-23.202.227.255
argentina,23.204.102.0-23.204.102.255
argentina,23.206.212.0-23.206.212.255
argentina,23.212.49.0-23.212.49.255
argentina,23.213.130.0-23.213.130.255
argentina,23.222.176.0-23.222.191.255
argentina,23.246.52.0-23.246.52.255
argentina,24.152.57.0-24.152.57.255
argentina,24.232.0.0-24.232.1.255
argentina,24.232.2.0-24.232.4.255
argentina,24.232.5.0-24.232.6.255
argentina,24.232.7.0-24.232.11.255
argentina,24.232.12.0-24.232.12.255
argentina,24.232.13.0-24.232.14.255
argentina,24.232.15.0-24.232.15.255
argentina,24.232.16.0-24.232.27.255
argentina,24.232.28.0-24.232.29.255
argentina,24.232.30.0-24.232.30.255
argentina,24.232.31.0-24.232.31.255
argentina,24.232.32.0-24.232.32.255
argentina,24.232.33.0-24.232.34.0
argentina,24.232.34.1-24.232.34.255
argentina,24.232.35.0-24.232.35.255
argentina,24.232.36.0-24.232.36.0
argentina,24.232.36.1-24.232.39.255
argentina,24.232.40.0-24.232.40.255
argentina,24.232.41.0-24.232.42.0
argentina,24.232.42.1-24.232.42.255
argentina,24.232.43.0-24.232.44.0
argentina,24.232.44.1-24.232.44.255
argentina,24.232.45.0-24.232.46.0
argentina,24.232.46.1-24.232.46.255
argentina,24.232.47.0-24.232.47.255
argentina,24.232.48.0-24.232.49.0
argentina,24.232.49.1-24.232.49.255
argentina,24.232.50.0-24.232.50.255
argentina,24.232.51.0-24.232.51.255
argentina,24.232.52.0-24.232.52.255
argentina,24.232.53.0-24.232.53.255
argentina,24.232.54.0-24.232.55.0
argentina,24.232.55.1-24.232.55.255
argentina,24.232.56.0-24.232.56.255
argentina,24.232.57.0-24.232.59.0
argentina,24.232.59.1-24.232.59.255
argentina,24.232.60.0-24.232.61.0
argentina,24.232.61.1-24.232.61.255
argentina,24.232.62.0-24.232.63.0
argentina,24.232.63.1-24.232.71.255
argentina,24.232.72.0-24.232.72.0
argentina,24.232.72.1-24.232.73.255
argentina,24.232.74.0-24.232.74.255
argentina,24.232.75.0-24.232.83.255
argentina,24.232.84.0-24.232.84.255
argentina,24.232.85.0-24.232.92.255
argentina,24.232.93.0-24.232.93.255
argentina,24.232.94.0-24.232.95.255
argentina,24.232.96.0-24.232.98.255
argentina,24.232.99.0-24.232.99.255
argentina,24.232.100.0-24.232.101.255
argentina,24.232.102.0-24.232.105.255
argentina,24.232.106.0-24.232.106.255
argentina,24.232.107.0-24.232.107.255
argentina,24.232.108.0-24.232.110.255
argentina,24.232.111.0-24.232.113.255
argentina,24.232.114.0-24.232.114.255
argentina,24.232.115.0-24.232.115.255
argentina,24.232.116.0-24.232.116.255
argentina,24.232.117.0-24.232.118.255
argentina,24.232.119.0-24.232.121.255
argentina,24.232.122.0-24.232.124.255
argentina,24.232.125.0-24.232.127.255
argentina,24.232.128.0-24.232.128.255
argentina,24.232.129.0-24.232.129.255
argentina,24.232.130.0-24.232.131.255
argentina,24.232.132.0-24.232.132.255
argentina,24.232.133.0-24.232.133.255
argentina,24.232.134.0-24.232.134.255
argentina,24.232.135.0-24.232.136.255
argentina,24.232.137.0-24.232.137.255
argentina,24.232.138.0-24.232.143.255
argentina,24.232.144.0-24.232.144.255
argentina,24.232.145.0-24.232.147.255
argentina,24.232.148.0-24.232.148.255
argentina,24.232.149.0-24.232.149.255
argentina,24.232.150.0-24.232.151.255
argentina,24.232.152.0-24.232.152.255
argentina,24.232.153.0-24.232.153.255
argentina,24.232.154.0-24.232.155.255
argentina,24.232.156.0-24.232.156.255
argentina,24.232.157.0-24.232.159.255
argentina,24.232.160.0-24.232.160.255
argentina,24.232.161.0-24.232.162.255
argentina,24.232.163.0-24.232.163.255
argentina,24.232.164.0-24.232.164.255
argentina,24.232.165.0-24.232.165.255
argentina,24.232.166.0-24.232.168.255
argentina,24.232.169.0-24.232.169.255
argentina,24.232.170.0-24.232.179.255
argentina,24.232.180.0-24.232.181.255
argentina,24.232.182.0-24.232.182.255
argentina,24.232.183.0-24.232.183.255
argentina,24.232.184.0-24.232.184.255
argentina,24.232.185.0-24.232.185.255
argentina,24.232.186.0-24.232.186.255
argentina,24.232.187.0-24.232.187.255
argentina,24.232.188.0-24.232.188.255
argentina,24.232.189.0-24.232.189.255
argentina,24.232.190.0-24.232.190.255
argentina,24.232.191.0-24.232.191.255
argentina,24.232.192.0-24.232.192.255
argentina,24.232.193.0-24.232.193.255
argentina,24.232.194.0-24.232.196.255
argentina,24.232.197.0-24.232.200.255
argentina,24.232.201.0-24.232.201.255
argentina,24.232.202.0-24.232.204.255
argentina,24.232.205.0-24.232.207.255
argentina,24.232.208.0-24.232.209.255
argentina,24.232.210.0-24.232.210.255
argentina,24.232.211.0-24.232.211.255
argentina,24.232.212.0-24.232.214.255
argentina,24.232.215.0-24.232.216.255
argentina,24.232.217.0-24.232.227.255
argentina,24.232.228.0-24.232.229.255
argentina,24.232.230.0-24.232.230.255
argentina,24.232.231.0-24.232.231.255
argentina,24.232.232.0-24.232.232.255
argentina,24.232.233.0-24.232.233.255
argentina,24.232.234.0-24.232.236.255
argentina,24.232.237.0-24.232.237.255
argentina,24.232.238.0-24.232.239.255
argentina,24.232.240.0-24.232.240.255
argentina,24.232.241.0-24.232.241.255
argentina,24.232.242.0-24.232.244.255
argentina,24.232.245.0-24.232.245.255
argentina,24.232.246.0-24.232.252.255
argentina,24.232.253.0-24.232.253.255
argentina,24.232.254.0-24.232.255.255
argentina,24.239.161.0-24.239.161.255
argentina,31.7.189.0-31.7.189.255
argentina,31.13.94.0-31.13.94.255
argentina,31.40.212.0-31.40.212.255
argentina,32.59.44.0-32.59.44.47
argentina,32.59.52.0-32.59.53.255
argentina,32.59.55.0-32.59.55.255
argentina,32.59.56.0-32.59.56.255
argentina,32.59.57.0-32.59.57.143
argentina,32.59.64.0-32.59.64.255
argentina,32.59.67.0-32.59.67.255
argentina,32.104.16.0-32.104.16.255
argentina,34.95.226.0-34.95.226.255
argentina,34.100.0.0-34.100.3.255
argentina,34.100.44.0-34.100.45.255
argentina,38.7.8.0-38.7.11.255
argentina,38.7.32.0-38.7.63.255
argentina,38.10.112.0-38.10.127.255
argentina,38.43.77.0-38.43.77.255
argentina,38.43.79.0-38.43.79.255
argentina,38.44.19.0-38.44.19.255
argentina,38.50.60.0-38.50.61.255
argentina,38.50.96.0-38.50.127.255
argentina,38.51.16.0-38.51.16.255
argentina,38.51.17.0-38.51.17.255
argentina,38.51.64.0-38.51.67.255
argentina,38.51.68.0-38.51.71.255
argentina,38.51.72.0-38.51.72.255
argentina,38.51.73.0-38.51.77.255
argentina,38.51.78.0-38.51.78.255
argentina,38.51.79.0-38.51.79.255
argentina,38.51.80.0-38.51.83.255
argentina,38.51.84.0-38.51.84.255
argentina,38.51.85.0-38.51.86.255
argentina,38.51.87.0-38.51.94.255
argentina,38.51.95.0-38.51.95.255
argentina,38.52.64.0-38.52.64.255
argentina,38.54.44.0-38.54.45.255
argentina,38.87.203.0-38.87.203.255
argentina,40.69.231.0-40.69.232.255
argentina,43.152.19.0-43.152.19.255
argentina,43.152.51.0-43.152.51.255
argentina,44.153.0.0-44.153.1.255
argentina,44.153.30.0-44.153.30.255
argentina,44.153.35.0-44.153.35.255
argentina,44.153.54.0-44.153.57.255
argentina,44.153.81.0-44.153.81.255
argentina,44.153.100.4-44.153.100.4
argentina,44.153.160.31-44.153.160.31
argentina,45.4.92.0-45.4.92.255
argentina,45.4.93.0-45.4.95.255
argentina,45.4.97.0-45.4.97.255
argentina,45.4.100.0-45.4.103.255
argentina,45.4.160.0-45.4.163.255
argentina,45.4.164.0-45.4.167.255
argentina,45.4.216.0-45.4.219.255
argentina,45.4.252.0-45.4.252.255
argentina,45.4.253.0-45.4.253.255
argentina,45.4.254.0-45.4.255.255
argentina,45.5.0.0-45.5.3.255
argentina,45.5.15.0-45.5.15.255
argentina,45.5.20.0-45.5.23.255
argentina,45.5.148.0-45.5.151.255
argentina,45.5.152.0-45.5.155.255
argentina,45.6.4.0-45.6.7.255
argentina,45.6.8.0-45.6.8.255
argentina,45.6.9.0-45.6.9.255
argentina,45.6.10.0-45.6.10.255
argentina,45.6.11.0-45.6.11.255
argentina,45.6.104.0-45.6.107.255
argentina,45.6.132.0-45.6.132.255
argentina,45.6.133.0-45.6.135.255
argentina,45.6.212.0-45.6.214.255
argentina,45.6.215.0-45.6.215.255
argentina,45.7.84.0-45.7.87.255
argentina,45.7.88.0-45.7.91.255
argentina,45.7.96.0-45.7.99.255
argentina,45.7.124.0-45.7.125.255
argentina,45.7.126.0-45.7.126.255
argentina,45.7.127.0-45.7.127.255
argentina,45.7.208.0-45.7.211.255
argentina,45.7.240.0-45.7.243.255
argentina,45.7.244.0-45.7.244.255
argentina,45.7.245.0-45.7.247.255
argentina,45.7.248.0-45.7.251.255
argentina,45.7.252.0-45.7.253.255
argentina,45.7.254.0-45.7.254.255
argentina,45.7.255.0-45.7.255.255
argentina,45.8.18.0-45.8.18.255
argentina,45.63.192.0-45.63.193.255
argentina,45.65.148.0-45.65.151.255
argentina,45.65.202.0-45.65.202.255
argentina,45.65.224.0-45.65.224.255
argentina,45.65.225.0-45.65.225.255
argentina,45.65.226.0-45.65.226.255
argentina,45.65.227.0-45.65.227.255
argentina,45.65.252.0-45.65.252.255
argentina,45.68.8.0-45.68.15.255
argentina,45.70.8.0-45.70.8.255
argentina,45.70.9.0-45.70.9.255
argentina,45.70.10.0-45.70.10.255
argentina,45.70.11.0-45.70.11.255
argentina,45.70.88.0-45.70.88.255
argentina,45.70.89.0-45.70.91.255
argentina,45.70.116.0-45.70.118.255
argentina,45.70.119.0-45.70.119.255
argentina,45.70.152.0-45.70.155.255
argentina,45.70.184.0-45.70.185.255
argentina,45.70.186.0-45.70.187.255
argentina,45.70.220.0-45.70.223.255
argentina,45.71.5.0-45.71.5.255
argentina,45.71.56.0-45.71.59.255
argentina,45.71.106.0-45.71.106.255
argentina,45.71.152.0-45.71.155.255
argentina,45.71.196.0-45.71.196.255
argentina,45.71.197.0-45.71.197.255
argentina,45.71.198.0-45.71.199.255
argentina,45.71.204.0-45.71.207.255
argentina,45.74.17.0-45.74.17.255
argentina,45.74.53.0-45.74.53.255
argentina,45.74.56.0-45.74.56.255
argentina,45.85.128.0-45.85.129.255
argentina,45.87.8.0-45.87.8.255
argentina,45.160.28.0-45.160.31.255
argentina,45.160.78.0-45.160.79.255
argentina,45.160.156.0-45.160.159.255
argentina,45.160.196.0-45.160.199.255
argentina,45.160.200.0-45.160.203.255
argentina,45.161.8.0-45.161.11.255
argentina,45.161.116.0-45.161.117.255
argentina,45.161.118.0-45.161.118.255
argentina,45.161.119.0-45.161.119.255
argentina,45.161.132.0-45.161.135.255
argentina,45.161.168.0-45.161.168.255
argentina,45.161.169.0-45.161.169.255
argentina,45.161.170.0-45.161.171.255
argentina,45.161.172.0-45.161.175.255
argentina,45.161.180.0-45.161.183.255
argentina,45.162.20.0-45.162.21.255
argentina,45.162.60.0-45.162.62.255
argentina,45.162.63.0-45.162.63.255
argentina,45.162.88.0-45.162.89.255
argentina,45.162.90.0-45.162.91.255
argentina,45.162.100.0-45.162.103.255
argentina,45.162.108.0-45.162.111.255
argentina,45.162.125.0-45.162.125.255
argentina,45.162.140.0-45.162.141.255
argentina,45.162.142.0-45.162.143.255
argentina,45.162.168.0-45.162.169.255
argentina,45.162.170.0-45.162.171.255
argentina,45.163.20.0-45.163.23.255
argentina,45.163.31.0-45.163.31.255
argentina,45.163.36.0-45.163.36.255
argentina,45.163.37.0-45.163.39.255
argentina,45.163.80.0-45.163.81.255
argentina,45.163.82.0-45.163.82.255
argentina,45.163.83.0-45.163.83.255
argentina,45.163.128.0-45.163.128.255
argentina,45.163.129.0-45.163.131.255
argentina,45.163.140.0-45.163.143.255
argentina,45.163.248.0-45.163.248.255
argentina,45.163.249.0-45.163.249.255
argentina,45.163.250.0-45.163.250.255
argentina,45.163.251.0-45.163.251.255
argentina,45.164.16.0-45.164.19.255
argentina,45.164.204.0-45.164.205.255
argentina,45.164.228.0-45.164.231.255
argentina,45.165.36.0-45.165.39.255
argentina,45.165.44.0-45.165.46.255
argentina,45.165.47.0-45.165.47.255
argentina,45.165.112.0-45.165.112.63
argentina,45.165.112.64-45.165.115.255
argentina,45.165.154.0-45.165.155.255
argentina,45.166.76.0-45.166.78.255
argentina,45.166.80.0-45.166.83.255
argentina,45.166.176.0-45.166.178.255
argentina,45.166.179.0-45.166.179.255
argentina,45.166.252.0-45.166.252.255
argentina,45.166.253.0-45.166.255.255
argentina,45.167.18.0-45.167.18.255
argentina,45.167.19.0-45.167.19.255
argentina,45.167.20.0-45.167.20.255
argentina,45.167.21.0-45.167.21.255
argentina,45.167.22.0-45.167.22.255
argentina,45.167.23.0-45.167.23.255
argentina,45.167.88.0-45.167.90.255
argentina,45.167.91.0-45.167.91.255
argentina,45.167.120.0-45.167.120.255
argentina,45.167.121.0-45.167.121.255
argentina,45.167.127.0-45.167.127.255
argentina,45.167.168.0-45.167.171.255
argentina,45.167.220.0-45.167.221.255
argentina,45.167.222.0-45.167.222.255
argentina,45.167.223.0-45.167.223.255
argentina,45.168.80.0-45.168.80.255
argentina,45.168.192.0-45.168.195.255
argentina,45.168.212.0-45.168.215.255
argentina,45.169.52.0-45.169.53.255
argentina,45.169.103.0-45.169.103.255
argentina,45.169.104.0-45.169.106.255
argentina,45.169.107.0-45.169.107.255
argentina,45.169.168.0-45.169.168.255
argentina,45.169.169.0-45.169.169.255
argentina,45.169.170.0-45.169.171.255
argentina,45.169.250.0-45.169.250.255
argentina,45.169.251.0-45.169.251.255
argentina,45.170.8.0-45.170.9.255
argentina,45.170.10.0-45.170.10.255
argentina,45.170.11.0-45.170.11.255
argentina,45.170.40.0-45.170.40.255
argentina,45.170.41.0-45.170.43.255
argentina,45.170.108.0-45.170.108.255
argentina,45.170.109.0-45.170.109.255
argentina,45.170.134.0-45.170.134.255
argentina,45.170.184.0-45.170.184.255
argentina,45.170.185.0-45.170.185.255
argentina,45.170.186.0-45.170.187.255
argentina,45.170.212.0-45.170.215.255
argentina,45.171.36.0-45.171.39.255
argentina,45.171.80.0-45.171.82.255
argentina,45.171.112.0-45.171.115.255
argentina,45.171.132.0-45.171.135.255
argentina,45.171.224.0-45.171.224.255
argentina,45.171.225.0-45.171.226.255
argentina,45.171.227.0-45.171.227.255
argentina,45.172.19.0-45.172.19.255
argentina,45.172.24.0-45.172.27.255
argentina,45.172.28.0-45.172.31.255
argentina,45.172.108.0-45.172.108.255
argentina,45.172.110.0-45.172.110.255
argentina,45.172.111.0-45.172.111.255
argentina,45.172.140.0-45.172.143.255
argentina,45.172.176.0-45.172.177.255
argentina,45.172.188.0-45.172.191.255
argentina,45.172.219.0-45.172.220.255
argentina,45.172.221.0-45.172.221.255
argentina,45.172.224.0-45.172.224.255
argentina,45.172.225.0-45.172.225.255
argentina,45.172.226.0-45.172.227.255
argentina,45.172.248.0-45.172.250.255
argentina,45.172.251.0-45.172.251.255
argentina,45.173.0.0-45.173.3.255
argentina,45.173.16.0-45.173.18.255
argentina,45.173.19.0-45.173.19.255
argentina,45.173.40.0-45.173.43.255
argentina,45.173.52.0-45.173.52.255
argentina,45.173.53.0-45.173.53.255
argentina,45.173.54.0-45.173.54.255
argentina,45.173.55.0-45.173.55.255
argentina,45.173.60.0-45.173.63.255
argentina,45.173.168.0-45.173.170.255
argentina,45.173.171.0-45.173.171.255
argentina,45.173.181.0-45.173.182.255
argentina,45.173.183.0-45.173.183.255
argentina,45.173.192.0-45.173.195.255
argentina,45.173.208.0-45.173.211.255
argentina,45.173.212.0-45.173.212.255
argentina,45.173.213.0-45.173.213.255
argentina,45.173.214.0-45.173.214.255
argentina,45.173.215.0-45.173.215.255
argentina,45.173.244.0-45.173.247.255
argentina,45.174.20.0-45.174.22.143
argentina,45.174.22.144-45.174.22.239
argentina,45.174.22.240-45.174.23.255
argentina,45.174.24.0-45.174.27.255
argentina,45.174.48.0-45.174.51.255
argentina,45.174.52.0-45.174.55.255
argentina,45.174.61.0-45.174.61.255
argentina,45.174.62.0-45.174.62.255
argentina,45.174.129.0-45.174.129.255
argentina,45.174.130.0-45.174.130.255
argentina,45.174.131.0-45.174.131.255
argentina,45.174.148.0-45.174.151.255
argentina,45.174.178.0-45.174.179.255
argentina,45.175.40.0-45.175.43.255
argentina,45.175.100.0-45.175.103.255
argentina,45.175.136.0-45.175.137.255
argentina,45.175.138.0-45.175.138.255
argentina,45.175.140.0-45.175.142.63
argentina,45.175.142.64-45.175.142.255
argentina,45.175.143.0-45.175.143.255
argentina,45.175.148.0-45.175.148.255
argentina,45.175.149.0-45.175.149.255
argentina,45.175.150.0-45.175.150.255
argentina,45.175.151.0-45.175.151.255
argentina,45.175.152.0-45.175.152.255
argentina,45.175.153.0-45.175.153.255
argentina,45.175.154.0-45.175.155.255
argentina,45.175.160.0-45.175.163.255
argentina,45.176.8.0-45.176.11.255
argentina,45.176.20.0-45.176.20.255
argentina,45.176.21.0-45.176.22.255
argentina,45.176.23.0-45.176.23.255
argentina,45.176.32.0-45.176.35.255
argentina,45.176.88.0-45.176.89.255
argentina,45.176.90.0-45.176.91.255
argentina,45.176.108.0-45.176.111.255
argentina,45.176.128.0-45.176.131.255
argentina,45.176.194.0-45.176.194.255
argentina,45.176.195.0-45.176.195.255
argentina,45.177.64.0-45.177.67.255
argentina,45.177.68.0-45.177.71.255
argentina,45.177.72.0-45.177.73.255
argentina,45.177.74.0-45.177.74.255
argentina,45.177.75.0-45.177.75.255
argentina,45.177.80.0-45.177.83.255
argentina,45.177.88.0-45.177.88.255
argentina,45.177.89.0-45.177.91.255
uruguay,2.18.64.0-2.18.64.255
uruguay,2.19.251.0-2.19.251.255
uruguay,2.22.24.0-2.22.28.255
uruguay,23.205.124.0-23.205.125.255
uruguay,23.208.176.0-23.208.211.255
uruguay,24.152.20.0-24.152.23.255
uruguay,45.6.252.0-45.6.255.255
uruguay,45.68.23.0-45.68.23.255
uruguay,45.68.28.0-45.69.255.255
uruguay,45.70.208.0-45.70.211.255
uruguay,45.94.161.0-45.94.161.255
uruguay,45.162.202.0-45.162.203.255
uruguay,45.164.48.0-45.164.51.255
uruguay,45.165.180.0-45.165.183.255
uruguay,45.172.192.0-45.172.195.255
uruguay,45.174.140.0-45.174.143.255
uruguay,45.186.232.0-45.186.235.255
uruguay,45.225.248.0-45.225.251.255
uruguay,45.228.64.0-45.228.65.255
uruguay,45.228.66.0-45.228.66.255
uruguay,45.235.4.0-45.235.7.255
uruguay,52.116.42.64-52.116.42.127
uruguay,57.74.220.0-57.74.223.255
uruguay,57.75.80.0-57.75.95.255
uruguay,67.19.140.0-67.19.140.63
uruguay,77.91.93.0-77.91.93.255
uruguay,92.118.186.0-92.118.186.255
uruguay,131.0.212.0-131.0.212.255
uruguay,131.0.213.0-131.0.213.255
uruguay,131.0.214.0-131.0.214.223
uruguay,131.0.214.224-131.0.215.255
uruguay,138.59.12.0-138.59.15.255
uruguay,138.99.44.0-138.99.47.255
uruguay,139.99.165.0-139.99.165.255
uruguay,152.156.0.0-152.156.121.7
uruguay,152.156.121.8-152.156.121.255
uruguay,152.156.122.0-152.156.122.247
uruguay,152.156.122.248-152.156.124.255
uruguay,152.156.125.0-152.156.125.231
uruguay,152.156.125.232-152.156.126.255
uruguay,152.156.127.0-152.156.127.255
uruguay,152.156.128.0-152.156.160.255
uruguay,152.156.161.0-152.156.161.255
uruguay,152.156.162.0-152.156.162.255
uruguay,152.156.163.0-152.156.208.27
uruguay,152.156.208.28-152.156.208.253
uruguay,152.156.208.254-152.156.210.3
uruguay,152.156.210.4-152.156.210.251
uruguay,152.156.210.252-152.156.212.3
uruguay,152.156.212.4-152.156.212.251
uruguay,152.156.212.252-152.156.213.255
uruguay,152.156.214.0-152.156.214.219
uruguay,152.156.214.220-152.156.216.15
uruguay,152.156.216.16-152.156.216.223
uruguay,152.156.216.224-152.156.218.28
uruguay,152.156.218.29-152.156.218.243
uruguay,152.156.218.244-152.156.219.255
uruguay,152.156.220.0-152.156.220.235
uruguay,152.156.220.236-152.156.221.255
uruguay,152.156.222.0-152.156.222.191
uruguay,152.156.222.192-152.156.255.255
uruguay,157.167.24.0-157.167.24.255
uruguay,161.0.120.0-161.0.127.255
uruguay,161.47.92.52-161.47.92.255
uruguay,161.47.123.124-161.47.123.255
uruguay,164.73.0.0-164.73.128.255
uruguay,164.73.129.0-164.73.129.255
uruguay,164.73.130.0-164.73.143.255
uruguay,164.73.144.0-164.73.144.255
uruguay,164.73.145.0-164.73.255.255
uruguay,167.56.0.0-167.56.0.255
uruguay,167.56.1.0-167.56.1.255
uruguay,167.56.2.0-167.56.3.255
uruguay,167.56.4.0-167.56.4.255
uruguay,167.56.5.0-167.56.5.255
uruguay,167.56.6.0-167.56.6.255
uruguay,167.56.7.0-167.56.8.255
uruguay,167.56.9.0-167.56.9.255
uruguay,167.56.10.0-167.56.10.255
uruguay,167.56.11.0-167.56.13.255
uruguay,167.56.14.0-167.56.14.255
uruguay,167.56.15.0-167.56.17.255
uruguay,167.56.18.0-167.56.19.255
uruguay,167.56.20.0-167.56.25.255
uruguay,167.56.26.0-167.56.26.255
uruguay,167.56.27.0-167.56.27.255
uruguay,167.56.28.0-167.56.52.255
uruguay,167.56.53.0-167.56.53.255
uruguay,167.56.54.0-167.56.54.255
uruguay,167.56.55.0-167.56.71.255
uruguay,167.56.72.0-167.56.73.255
uruguay,167.56.74.0-167.56.75.255
uruguay,167.56.76.0-167.56.76.127
uruguay,167.56.76.128-167.56.80.255
uruguay,167.56.81.0-167.56.81.255
uruguay,167.56.82.0-167.56.97.255
uruguay,167.56.98.0-167.56.98.255
uruguay,167.56.99.0-167.56.101.255
uruguay,167.56.102.0-167.56.102.255
uruguay,167.56.103.0-167.56.112.255
uruguay,167.56.113.0-167.56.113.255
uruguay,167.56.114.0-167.56.121.255
uruguay,167.56.122.0-167.56.122.255
uruguay,167.56.123.0-167.56.123.255
uruguay,167.56.124.0-167.56.124.255
uruguay,167.56.125.0-167.56.127.255
uruguay,167.56.128.0-167.56.128.255
uruguay,167.56.129.0-167.56.134.255
uruguay,167.56.135.0-167.56.135.255
uruguay,167.56.136.0-167.56.138.255
uruguay,167.56.139.0-167.56.139.255
uruguay,167.56.140.0-167.56.146.255
uruguay,167.56.147.0-167.56.147.255
uruguay,167.56.148.0-167.56.152.255
uruguay,167.56.153.0-167.56.153.255
uruguay,167.56.154.0-167.56.156.255
uruguay,167.56.157.0-167.56.157.255
uruguay,167.56.158.0-167.56.158.255
uruguay,167.56.159.0-167.56.159.255
uruguay,167.56.160.0-167.56.160.255
uruguay,167.56.161.0-167.56.161.255
uruguay,167.56.162.0-167.56.162.255
uruguay,167.56.163.0-167.56.166.255
uruguay,167.56.167.0-167.56.167.255
uruguay,167.56.168.0-167.56.170.255
uruguay,167.56.171.0-167.56.171.255
uruguay,167.56.172.0-167.56.179.255
uruguay,167.56.180.0-167.56.180.255
uruguay,167.56.181.0-167.56.204.255
uruguay,167.56.205.0-167.56.205.255
uruguay,167.56.206.0-167.56.226.255
uruguay,167.56.227.0-167.56.227.255
uruguay,167.56.228.0-167.56.234.255
uruguay,167.56.235.0-167.56.235.255
uruguay,167.56.236.0-167.56.236.255
uruguay,167.56.237.0-167.56.238.255
uruguay,167.56.239.0-167.56.239.255
uruguay,167.56.240.0-167.56.247.255
uruguay,167.56.248.0-167.56.248.255
uruguay,167.56.249.0-167.57.0.255
uruguay,167.57.1.0-167.57.2.255
uruguay,167.57.3.0-167.57.3.255
uruguay,167.57.4.0-167.57.7.255
uruguay,167.57.8.0-167.57.10.255
uruguay,167.57.11.0-167.57.12.255
uruguay,167.57.13.0-167.57.17.255
uruguay,167.57.18.0-167.57.21.255
uruguay,167.57.22.0-167.57.22.255
uruguay,167.57.23.0-167.57.25.255
uruguay,167.57.26.0-167.57.27.255
uruguay,167.57.28.0-167.57.28.255
uruguay,167.57.29.0-167.57.29.255
uruguay,167.57.30.0-167.57.30.127
uruguay,167.57.30.128-167.57.32.255
uruguay,167.57.33.0-167.57.33.255
uruguay,167.57.34.0-167.57.42.255
uruguay,167.57.43.0-167.57.44.255
uruguay,167.57.45.0-167.57.46.255
uruguay,167.57.47.0-167.57.47.255
uruguay,167.57.48.0-167.57.48.255
uruguay,167.57.49.0-167.57.50.255
uruguay,167.57.51.0-167.57.52.255
uruguay,167.57.53.0-167.57.53.255
uruguay,167.57.54.0-167.57.55.255
uruguay,167.57.56.0-167.57.61.255
uruguay,167.57.62.0-167.57.66.255
uruguay,167.57.67.0-167.57.72.255
uruguay,167.57.73.0-167.57.73.223
uruguay,167.57.73.224-167.57.74.255
uruguay,167.57.75.0-167.57.75.255
uruguay,167.57.76.0-167.57.76.255
uruguay,167.57.77.0-167.57.77.255
uruguay,167.57.78.0-167.57.79.255
uruguay,167.57.80.0-167.57.80.255
uruguay,167.57.81.0-167.57.81.255
uruguay,167.57.82.0-167.57.83.255
uruguay,167.57.84.0-167.57.84.255
uruguay,167.57.85.0-167.57.94.255
uruguay,167.57.95.0-167.57.95.255
uruguay,167.57.96.0-167.57.96.255
uruguay,167.57.97.0-167.57.97.255
uruguay,167.57.98.0-167.57.98.255
uruguay,167.57.99.0-167.57.99.255
uruguay,167.57.100.0-167.57.100.255
uruguay,167.57.101.0-167.57.101.127
uruguay,167.57.101.128-167.57.105.255
uruguay,167.57.106.0-167.57.106.255
uruguay,167.57.107.0-167.57.109.255
uruguay,167.57.110.0-167.57.110.255
uruguay,167.57.111.0-167.57.111.255
uruguay,167.57.112.0-167.57.112.255
uruguay,167.57.113.0-167.57.114.255
uruguay,167.57.115.0-167.57.115.255
uruguay,167.57.116.0-167.57.121.255
uruguay,167.57.122.0-167.57.124.255
uruguay,167.57.125.0-167.57.127.255
uruguay,167.57.128.0-167.57.128.255
uruguay,167.57.129.0-167.57.131.255
uruguay,167.57.132.0-167.57.133.255
uruguay,167.57.134.0-167.57.139.255
uruguay,167.57.140.0-167.57.140.255
uruguay,167.57.141.0-167.57.142.255
uruguay,167.57.143.0-167.57.148.255
uruguay,167.57.149.0-167.57.149.255
uruguay,167.57.150.0-167.57.165.255
uruguay,167.57.166.0-167.57.166.255
uruguay,167.57.167.0-167.57.172.255
uruguay,167.57.173.0-167.57.173.255
uruguay,167.57.174.0-167.57.174.255
uruguay,167.57.175.0-167.57.175.255
uruguay,167.57.176.0-167.57.176.255
uruguay,167.57.177.0-167.57.177.255
uruguay,167.57.178.0-167.57.191.255
uruguay,167.57.192.0-167.57.192.255
uruguay,167.57.193.0-167.57.195.255
uruguay,167.57.196.0-167.57.196.255
uruguay,167.57.197.0-167.57.198.255
uruguay,167.57.199.0-167.57.199.255
uruguay,167.57.200.0-167.57.200.255
uruguay,167.57.201.0-167.57.201.255
uruguay,167.57.202.0-167.57.202.255
uruguay,167.57.203.0-167.57.218.255
uruguay,167.57.219.0-167.57.219.255
uruguay,167.57.220.0-167.57.226.255
uruguay,167.57.227.0-167.57.228.255
uruguay,167.57.229.0-167.57.232.255
uruguay,167.57.233.0-167.57.233.255
uruguay,167.57.234.0-167.57.238.255
uruguay,167.57.239.0-167.57.239.255
uruguay,167.57.240.0-167.57.244.255
uruguay,167.57.245.0-167.57.245.255
uruguay,167.57.246.0-167.57.246.255
uruguay,167.57.247.0-167.57.247.255
uruguay,167.57.248.0-167.57.254.255
uruguay,167.57.255.0-167.57.255.255
uruguay,167.58.0.0-167.58.3.255
uruguay,167.58.4.0-167.58.4.255
uruguay,167.58.5.0-167.58.19.255
uruguay,167.58.20.0-167.58.20.255
uruguay,167.58.21.0-167.58.21.255
uruguay,167.58.22.0-167.58.22.255
uruguay,167.58.23.0-167.58.23.255
uruguay,167.58.24.0-167.58.24.255
uruguay,167.58.25.0-167.58.25.255
uruguay,167.58.26.0-167.58.32.255
uruguay,167.58.33.0-167.58.34.255
uruguay,167.58.35.0-167.58.37.255
uruguay,167.58.38.0-167.58.38.255
uruguay,167.58.39.0-167.58.41.255
uruguay,167.58.42.0-167.58.42.255
uruguay,167.58.43.0-167.58.43.255
uruguay,167.58.44.0-167.58.44.255
uruguay,167.58.45.0-167.58.45.255
uruguay,167.58.46.0-167.58.46.255
uruguay,167.58.47.0-167.58.47.255
uruguay,167.58.48.0-167.58.48.255
uruguay,167.58.49.0-167.58.49.255
uruguay,167.58.50.0-167.58.50.255
uruguay,167.58.51.0-167.58.51.255
uruguay,167.58.52.0-167.58.52.255
uruguay,167.58.53.0-167.58.60.255
uruguay,167.58.61.0-167.58.61.255
uruguay,167.58.62.0-167.58.62.255
uruguay,167.58.63.0-167.58.63.255
uruguay,167.58.64.0-167.58.65.255
uruguay,167.58.66.0-167.58.66.255
uruguay,167.58.67.0-167.58.74.255
uruguay,167.58.75.0-167.58.78.255
uruguay,167.58.79.0-167.58.81.255
uruguay,167.58.82.0-167.58.82.255
uruguay,167.58.83.0-167.58.91.255
uruguay,167.58.92.0-167.58.92.255
uruguay,167.58.93.0-167.58.93.255
uruguay,167.58.94.0-167.58.107.255
uruguay,167.58.108.0-167.58.108.255
uruguay,167.58.109.0-167.58.109.255
uruguay,167.58.110.0-167.58.110.255
uruguay,167.58.111.0-167.58.122.255
uruguay,167.58.123.0-167.58.123.255
uruguay,167.58.124.0-167.58.125.255
uruguay,167.58.126.0-167.58.126.255
uruguay,167.58.127.0-167.58.131.255
uruguay,167.58.132.0-167.58.132.255
uruguay,167.58.133.0-167.58.134.255
uruguay,167.58.135.0-167.58.135.255
uruguay,167.58.136.0-167.58.136.255
uruguay,167.58.137.0-167.58.137.255
uruguay,167.58.138.0-167.58.146.255
uruguay,167.58.147.0-167.58.147.255
uruguay,167.58.148.0-167.58.151.255
uruguay,167.58.152.0-167.58.152.255
uruguay,167.58.153.0-167.58.156.255
uruguay,167.58.157.0-167.58.157.255
uruguay,167.58.158.0-167.58.174.255
uruguay,167.58.175.0-167.58.175.255
uruguay,167.58.176.0-167.58.188.255
uruguay,167.58.189.0-167.58.189.255
uruguay,167.58.190.0-167.58.190.255
uruguay,167.58.191.0-167.58.191.255
uruguay,167.58.192.0-167.58.218.255
uruguay,167.58.219.0-167.58.219.255
uruguay,167.58.220.0-167.58.224.255
uruguay,167.58.225.0-167.58.225.255
uruguay,167.58.226.0-167.58.240.255
uruguay,167.58.241.0-167.58.241.255
uruguay,167.58.242.0-167.58.247.255
uruguay,167.58.248.0-167.58.248.127
uruguay,167.58.248.128-167.58.249.255
uruguay,167.58.250.0-167.58.252.255
uruguay,167.58.253.0-167.58.253.255
uruguay,167.58.254.0-167.58.255.255
uruguay,167.59.0.0-167.59.0.255
uruguay,167.59.1.0-167.59.9.255
uruguay,167.59.10.0-167.59.10.255
uruguay,167.59.11.0-167.59.11.255
uruguay,167.59.12.0-167.59.12.255
uruguay,167.59.13.0-167.59.21.255
uruguay,167.59.22.0-167.59.22.255
uruguay,167.59.23.0-167.59.31.255
uruguay,167.59.32.0-167.59.32.255
uruguay,167.59.33.0-167.59.49.255
uruguay,167.59.50.0-167.59.50.255
uruguay,167.59.51.0-167.59.65.255
uruguay,167.59.66.0-167.59.67.255
uruguay,167.59.68.0-167.60.12.255
uruguay,167.60.13.0-167.60.13.255
uruguay,167.60.14.0-167.60.16.255
uruguay,167.60.17.0-167.60.17.255
uruguay,167.60.18.0-167.60.20.255
uruguay,167.60.21.0-167.60.21.255
uruguay,167.60.22.0-167.60.22.255
uruguay,167.60.23.0-167.60.33.255
uruguay,167.60.34.0-167.60.34.255
uruguay,167.60.35.0-167.60.44.255
uruguay,167.60.45.0-167.60.46.255
uruguay,167.60.47.0-167.60.53.255
uruguay,167.60.54.0-167.60.54.255
uruguay,167.60.55.0-167.60.58.255
uruguay,167.60.59.0-167.60.59.255
uruguay,167.60.60.0-167.60.62.255
uruguay,167.60.63.0-167.60.63.255
uruguay,167.60.64.0-167.60.65.255
uruguay,167.60.66.0-167.60.68.255
uruguay,167.60.69.0-167.60.69.255
uruguay,167.60.70.0-167.60.72.255
uruguay,167.60.73.0-167.60.73.255
uruguay,167.60.74.0-167.60.94.255
uruguay,167.60.95.0-167.60.95.255
uruguay,167.60.96.0-167.60.97.255
uruguay,167.60.98.0-167.60.98.255
uruguay,167.60.99.0-167.60.125.255
uruguay,167.60.126.0-167.60.126.255
uruguay,167.60.127.0-167.60.142.255
uruguay,167.60.143.0-167.60.143.255
uruguay,167.60.144.0-167.60.146.255
uruguay,167.60.147.0-167.60.147.255
uruguay,167.60.148.0-167.60.153.255
uruguay,167.60.154.0-167.60.154.255
uruguay,167.60.155.0-167.60.155.255
uruguay,167.60.156.0-167.60.156.255
uruguay,167.60.157.0-167.60.164.255
uruguay,167.60.165.0-167.60.165.255
uruguay,167.60.166.0-167.60.167.255
uruguay,167.60.168.0-167.60.168.255
uruguay,167.60.169.0-167.60.175.255
uruguay,167.60.176.0-167.60.176.255
uruguay,167.60.177.0-167.60.183.255
uruguay,167.60.184.0-167.60.184.255
uruguay,167.60.185.0-167.60.187.255
uruguay,167.60.188.0-167.60.188.255
uruguay,167.60.189.0-167.60.196.255
uruguay,167.60.197.0-167.60.197.255
uruguay,167.60.198.0-167.60.198.255
uruguay,167.60.199.0-167.60.200.255
uruguay,167.60.201.0-167.60.201.255
uruguay,167.60.202.0-167.60.202.255
uruguay,167.60.203.0-167.60.205.255
uruguay,167.60.206.0-167.60.206.255
uruguay,167.60.207.0-167.60.214.255
uruguay,167.60.215.0-167.60.215.255
uruguay,167.60.216.0-167.60.216.255
uruguay,167.60.217.0-167.60.223.255
uruguay,167.60.224.0-167.60.224.255
uruguay,167.60.225.0-167.60.225.255
uruguay,167.60.226.0-167.60.235.255
uruguay,167.60.236.0-167.60.236.255
uruguay,167.60.237.0-167.60.242.255
uruguay,167.60.243.0-167.60.243.255
uruguay,167.60.244.0-167.60.244.255
uruguay,167.60.245.0-167.60.247.255
uruguay,167.60.248.0-167.60.248.255
uruguay,167.60.249.0-167.60.255.255
uruguay,167.61.0.0-167.61.0.255
uruguay,167.61.1.0-167.61.5.255
uruguay,167.61.6.0-167.61.6.255
uruguay,167.61.7.0-167.61.13.255
uruguay,167.61.14.0-167.61.14.255
uruguay,167.61.15.0-167.61.15.255
uruguay,167.61.16.0-167.61.16.255
uruguay,167.61.17.0-167.61.57.255
uruguay,167.61.58.0-167.61.58.255
uruguay,167.61.59.0-167.61.65.255
uruguay,167.61.66.0-167.61.66.255
uruguay,167.61.67.0-167.61.77.255
uruguay,167.61.78.0-167.61.78.255
uruguay,167.61.79.0-167.61.85.255
uruguay,167.61.86.0-167.61.86.255
uruguay,167.61.87.0-167.61.112.255
uruguay,167.61.113.0-167.61.113.255
uruguay,167.61.114.0-167.61.117.255
uruguay,167.61.118.0-167.61.118.255
uruguay,167.61.119.0-167.61.119.255
uruguay,167.61.120.0-167.61.120.255
uruguay,167.61.121.0-167.61.121.255
uruguay,167.61.122.0-167.61.122.255
uruguay,167.61.123.0-167.61.123.255
uruguay,167.61.124.0-167.61.125.255
uruguay,167.61.126.0-167.61.127.255
uruguay,167.61.128.0-167.61.131.255
uruguay,167.61.132.0-167.61.132.255
uruguay,167.61.133.0-167.61.135.191
uruguay,167.61.135.192-167.61.137.255
uruguay,167.61.138.0-167.61.138.255
uruguay,167.61.139.0-167.61.139.255
uruguay,167.61.140.0-167.61.140.255
uruguay,167.61.141.0-167.61.141.255
uruguay,167.61.142.0-167.61.142.255
uruguay,167.61.143.0-167.61.144.255
uruguay,167.61.145.0-167.61.145.255
uruguay,167.61.146.0-167.61.146.255
uruguay,167.61.147.0-167.61.149.255
uruguay,167.61.150.0-167.61.151.255
uruguay,167.61.152.0-167.61.152.255
uruguay,167.61.153.0-167.61.153.255
uruguay,167.61.154.0-167.61.164.255
uruguay,167.61.165.0-167.61.166.255
uruguay,167.61.167.0-167.61.175.255
uruguay,167.61.176.0-167.61.176.255
uruguay,167.61.177.0-167.61.197.255
uruguay,167.61.198.0-167.61.198.255
uruguay,167.61.199.0-167.61.220.255
uruguay,167.61.221.0-167.61.221.255
uruguay,167.61.222.0-167.61.222.255
uruguay,167.61.223.0-167.61.237.255
uruguay,167.61.238.0-167.61.238.255
uruguay,167.61.239.0-167.61.248.255
uruguay,167.61.249.0-167.61.249.255
uruguay,167.61.250.0-167.62.88.255
uruguay,167.62.89.0-167.62.89.255
uruguay,167.62.90.0-167.62.94.255
uruguay,167.62.95.0-167.62.95.255
uruguay,167.62.96.0-167.62.101.255
uruguay,167.62.102.0-167.62.102.127
uruguay,167.62.102.128-167.62.112.255
uruguay,167.62.113.0-167.62.114.255
uruguay,167.62.115.0-167.62.116.255
uruguay,167.62.117.0-167.62.117.255
uruguay,167.62.118.0-167.62.123.255
uruguay,167.62.124.0-167.62.124.255
uruguay,167.62.125.0-167.62.125.255
uruguay,167.62.126.0-167.62.126.255
uruguay,167.62.127.0-167.62.127.255
uruguay,167.62.128.0-167.62.128.255
uruguay,167.62.129.0-167.62.136.255
uruguay,167.62.137.0-167.62.137.255
uruguay,167.62.138.0-167.62.138.255
uruguay,167.62.139.0-167.62.139.255
uruguay,167.62.140.0-167.62.140.255
uruguay,167.62.141.0-167.62.141.255
uruguay,167.62.142.0-167.62.144.255
uruguay,167.62.145.0-167.62.145.255
uruguay,167.62.146.0-167.62.146.255
uruguay,167.62.147.0-167.62.147.255
uruguay,167.62.148.0-167.62.149.255
uruguay,167.62.150.0-167.62.150.255
uruguay,167.62.151.0-167.62.152.255
uruguay,167.62.153.0-167.62.153.255
uruguay,167.62.154.0-167.62.155.255
uruguay,167.62.156.0-167.62.156.255
uruguay,167.62.157.0-167.62.159.255
uruguay,167.62.160.0-167.62.160.255
uruguay,167.62.161.0-167.62.166.255
uruguay,167.62.167.0-167.62.167.255
uruguay,167.62.168.0-167.62.168.255
uruguay,167.62.169.0-167.62.169.255
uruguay,167.62.170.0-167.62.170.255
uruguay,167.62.171.0-167.62.178.255
uruguay,167.62.179.0-167.62.179.255
uruguay,167.62.180.0-167.62.180.255
uruguay,167.62.181.0-167.62.181.255
uruguay,167.62.182.0-167.62.186.255
uruguay,167.62.187.0-167.62.188.255
uruguay,167.62.189.0-167.62.194.255
uruguay,167.62.195.0-167.62.196.255
uruguay,167.62.197.0-167.62.197.255
uruguay,167.62.198.0-167.62.198.255
uruguay,167.62.199.0-167.62.200.255
uruguay,167.62.201.0-167.62.202.255
uruguay,167.62.203.0-167.62.205.255
uruguay,167.62.206.0-167.62.206.127
colombia,4.33.232.0-4.33.233.255
colombia,8.242.80.0-8.242.87.255
colombia,8.242.120.0-8.242.120.255
colombia,8.242.121.0-8.242.121.255
colombia,8.242.122.0-8.242.122.255
colombia,8.242.123.0-8.242.123.255
colombia,8.242.124.0-8.242.125.35
colombia,8.242.125.36-8.242.125.199
colombia,8.242.125.200-8.242.127.255
colombia,8.242.128.0-8.242.141.255
colombia,8.242.142.0-8.242.142.255
colombia,8.242.143.0-8.242.143.255
colombia,8.242.144.0-8.242.144.255
colombia,8.242.145.0-8.242.145.255
colombia,8.242.146.0-8.242.146.255
colombia,8.242.147.0-8.242.147.255
colombia,8.242.148.0-8.242.148.255
colombia,8.242.149.0-8.242.150.7
colombia,8.242.150.8-8.242.150.255
colombia,8.242.151.0-8.242.151.255
colombia,8.242.152.0-8.242.152.255
colombia,8.242.153.0-8.242.153.247
colombia,8.242.153.248-8.242.154.251
colombia,8.242.154.252-8.242.156.23
colombia,8.242.156.24-8.242.157.127
colombia,8.242.157.128-8.242.158.27
colombia,8.242.158.28-8.242.158.255
colombia,8.242.159.0-8.242.159.255
colombia,8.242.164.16-8.242.164.255
colombia,8.242.165.0-8.242.165.255
colombia,8.242.168.0-8.242.168.255
colombia,8.242.169.0-8.242.169.255
colombia,8.242.170.0-8.242.171.7
colombia,8.242.171.8-8.242.171.255
colombia,8.242.172.0-8.242.173.23
colombia,8.242.173.24-8.242.173.247
colombia,8.242.173.248-8.242.174.215
colombia,8.242.174.216-8.242.175.255
colombia,8.242.176.0-8.242.176.255
colombia,8.242.177.0-8.242.177.255
colombia,8.242.178.0-8.242.178.255
colombia,8.242.179.0-8.242.179.255
colombia,8.242.184.0-8.242.184.255
colombia,8.242.185.0-8.242.185.255
colombia,8.242.186.0-8.242.186.255
colombia,8.242.187.0-8.242.187.255
colombia,8.242.188.0-8.242.188.255
colombia,8.242.189.0-8.242.190.255
colombia,8.242.191.0-8.242.191.255
colombia,8.242.208.0-8.242.208.255
colombia,8.242.209.0-8.242.209.255
colombia,8.242.210.0-8.242.210.255
colombia,8.242.211.0-8.242.211.135
colombia,8.242.211.136-8.242.212.255
colombia,8.242.213.0-8.242.213.255
colombia,8.242.214.0-8.242.214.255
colombia,8.242.215.0-8.242.215.255
colombia,8.243.64.0-8.243.95.255
colombia,8.243.160.0-8.243.175.255
colombia,13.35.63.0-13.35.63.255
colombia,13.227.5.0-13.227.7.255
colombia,13.227.16.0-13.227.20.255
colombia,13.227.24.0-13.227.31.255
colombia,17.118.40.0-17.118.40.255
colombia,18.155.239.0-18.155.253.255
colombia,23.7.0.0-23.7.15.255
colombia,23.7.144.0-23.7.159.255
colombia,23.9.48.0-23.9.63.255
colombia,23.14.16.0-23.14.51.255
colombia,23.14.80.0-23.14.81.255
colombia,23.32.192.0-23.32.211.255
colombia,23.46.2.0-23.46.3.255
colombia,23.46.192.0-23.46.195.255
colombia,23.56.64.0-23.56.95.255
colombia,23.61.2.0-23.61.3.255
colombia,23.61.245.0-23.61.245.255
colombia,23.61.247.0-23.61.247.255
colombia,23.67.16.0-23.67.31.255
colombia,23.75.128.0-23.75.159.255
colombia,23.213.192.0-23.213.193.255
colombia,23.221.96.0-23.221.127.255
colombia,23.253.131.76-23.253.131.255
colombia,24.152.56.0-24.152.56.255
colombia,24.152.58.0-24.152.59.255
colombia,24.239.162.0-24.239.162.255
colombia,32.59.72.0-32.59.72.255
colombia,34.99.121.7-34.99.121.255
colombia,34.100.24.0-34.100.27.158
colombia,34.100.56.0-34.100.57.255
colombia,38.10.180.0-38.10.183.255
colombia,38.41.48.0-38.41.51.255
colombia,38.50.50.0-38.50.50.255
colombia,38.51.186.0-38.51.187.255
colombia,38.51.232.0-38.51.232.255
colombia,38.51.233.0-38.51.235.255
colombia,38.51.243.0-38.51.243.255
colombia,38.51.244.0-38.51.247.255
colombia,38.52.144.0-38.52.159.255
colombia,43.152.184.0-43.152.185.255
colombia,44.171.16.0-44.171.31.255
colombia,45.5.160.0-45.5.163.255
colombia,45.5.164.0-45.5.165.255
colombia,45.5.166.0-45.5.166.255
colombia,45.5.167.0-45.5.167.255
colombia,45.5.172.0-45.5.175.255
colombia,45.5.180.0-45.5.180.255
colombia,45.5.181.0-45.5.183.255
colombia,45.5.184.0-45.5.186.255
colombia,45.5.187.0-45.5.187.255
colombia,45.5.188.0-45.5.190.255
colombia,45.5.191.0-45.5.191.255
colombia,45.6.248.0-45.6.248.255
colombia,45.6.249.0-45.6.249.255
colombia,45.6.250.0-45.6.250.255
colombia,45.6.251.0-45.6.251.255
colombia,45.7.132.0-45.7.132.255
colombia,45.7.133.0-45.7.133.255
colombia,45.7.134.0-45.7.134.255
colombia,45.7.135.0-45.7.135.255
colombia,45.65.136.0-45.65.136.255
colombia,45.65.137.0-45.65.139.255
colombia,45.65.200.0-45.65.200.255
colombia,45.65.232.0-45.65.232.255
colombia,45.65.233.0-45.65.233.255
colombia,45.65.234.0-45.65.235.0
colombia,45.65.235.1-45.65.235.255
colombia,45.68.24.0-45.68.27.255
colombia,45.70.168.0-45.70.168.255
colombia,45.70.169.0-45.70.169.255
colombia,45.70.170.0-45.70.170.255
colombia,45.70.171.0-45.70.171.255
colombia,45.71.7.0-45.71.7.255
colombia,45.71.180.0-45.71.180.255
colombia,45.71.181.0-45.71.181.255
colombia,45.71.182.0-45.71.182.255
colombia,45.71.183.0-45.71.183.255
colombia,45.87.11.0-45.87.11.255
colombia,45.87.117.0-45.87.117.255
colombia,45.129.32.0-45.129.32.255
colombia,45.131.162.0-45.131.162.255
colombia,45.162.0.0-45.162.1.255
colombia,45.162.2.0-45.162.2.255
colombia,45.162.3.0-45.162.3.255
colombia,45.162.76.0-45.162.76.255
colombia,45.162.77.0-45.162.77.243
colombia,45.162.77.244-45.162.78.255
colombia,45.162.79.0-45.162.79.255
colombia,45.162.82.0-45.162.82.247
colombia,45.162.82.248-45.162.84.255
colombia,45.162.85.0-45.162.85.255
colombia,45.162.126.0-45.162.126.255
colombia,45.163.28.0-45.163.30.255
colombia,45.167.124.0-45.167.124.255
colombia,45.167.125.0-45.167.125.255
colombia,45.167.126.0-45.167.126.255
colombia,45.167.248.0-45.167.248.255
colombia,45.167.249.0-45.167.249.255
colombia,45.167.250.0-45.167.250.255
colombia,45.167.251.0-45.167.251.255
colombia,45.168.104.0-45.168.107.255
colombia,45.169.98.0-45.169.98.255
colombia,45.169.99.0-45.169.99.255
colombia,45.169.253.0-45.169.253.255
colombia,45.170.124.0-45.170.125.31
colombia,45.170.125.32-45.170.125.255
colombia,45.170.126.0-45.170.126.255
colombia,45.170.127.0-45.170.127.255
colombia,45.170.132.0-45.170.133.32
colombia,45.170.240.0-45.170.240.255
colombia,45.170.241.0-45.170.241.255
colombia,45.170.242.0-45.170.242.255
colombia,45.170.243.0-45.170.243.255
colombia,45.171.118.0-45.171.118.255
colombia,45.171.180.0-45.171.180.255
colombia,45.171.181.0-45.171.182.255
colombia,45.171.183.0-45.171.183.255
colombia,45.172.178.0-45.172.179.255
colombia,45.172.184.0-45.172.184.255
colombia,45.172.185.0-45.172.186.255
colombia,45.172.187.0-45.172.187.255
colombia,45.172.218.0-45.172.218.255
colombia,45.172.222.0-45.172.222.255
colombia,45.172.223.0-45.172.223.255
colombia,45.173.4.0-45.173.4.255
colombia,45.173.5.0-45.173.5.255
colombia,45.173.6.0-45.173.6.255
colombia,45.173.7.0-45.173.7.255
colombia,45.173.8.0-45.173.8.255
colombia,45.173.9.0-45.173.9.255
colombia,45.173.10.0-45.173.10.255
colombia,45.173.11.0-45.173.11.255
colombia,45.173.12.0-45.173.12.255
colombia,45.173.14.0-45.173.15.255
colombia,45.173.44.0-45.173.44.255
colombia,45.173.68.0-45.173.69.255
colombia,45.173.70.0-45.173.71.255
colombia,45.174.196.0-45.174.199.255
colombia,45.174.224.0-45.174.224.255
colombia,45.174.225.0-45.174.225.255
colombia,45.174.227.0-45.174.227.255
colombia,45.175.20.0-45.175.20.255
colombia,45.175.139.0-45.175.139.255
colombia,45.176.70.0-45.176.70.255
colombia,45.176.71.0-45.176.71.255
colombia,45.176.188.0-45.176.188.255
colombia,45.176.193.0-45.176.193.255
colombia,45.176.232.0-45.176.233.3
colombia,45.176.233.4-45.176.233.255
colombia,45.176.234.0-45.176.234.255
colombia,45.176.235.0-45.176.235.255
colombia,45.177.52.0-45.177.52.255
colombia,45.177.53.0-45.177.53.255
colombia,45.177.54.0-45.177.54.255
colombia,45.177.108.0-45.177.108.255
colombia,45.177.109.0-45.177.109.255
colombia,45.177.110.0-45.177.110.255
colombia,45.177.111.0-45.177.111.255
colombia,45.178.4.0-45.178.7.255
colombia,45.178.12.0-45.178.12.255
colombia,45.178.13.0-45.178.13.255
colombia,45.178.14.0-45.178.14.255
colombia,45.178.15.0-45.178.15.255
colombia,45.178.64.0-45.178.67.255
colombia,45.179.160.0-45.179.161.255
colombia,45.179.162.0-45.179.162.255
colombia,45.179.163.0-45.179.163.255
colombia,45.179.200.0-45.179.200.255
colombia,45.179.201.0-45.179.201.255
colombia,45.179.202.0-45.179.202.255
colombia,45.179.203.0-45.179.203.255
colombia,45.179.244.0-45.179.245.255
colombia,45.179.246.0-45.179.246.255
colombia,45.179.247.0-45.179.247.255
colombia,45.180.22.0-45.180.22.255
colombia,45.180.23.0-45.180.23.255
colombia,45.180.44.0-45.180.44.255
colombia,45.180.82.0-45.180.83.255
colombia,45.180.112.0-45.180.112.255
colombia,45.181.156.0-45.181.159.255
colombia,45.181.188.0-45.181.190.63
colombia,45.181.190.64-45.181.190.255
colombia,45.181.191.0-45.181.191.255
colombia,45.181.204.0-45.181.204.255
colombia,45.181.205.0-45.181.205.255
colombia,45.181.206.0-45.181.207.255
colombia,45.182.41.0-45.182.41.255
colombia,45.182.190.0-45.182.190.255
colombia,45.182.191.0-45.182.191.255
colombia,45.183.40.0-45.183.40.255
colombia,45.183.196.0-45.183.199.255
colombia,45.183.247.0-45.183.247.255
colombia,45.185.31.0-45.185.31.255
colombia,45.187.48.0-45.187.49.0
colombia,45.187.49.1-45.187.49.255
colombia,45.187.50.0-45.187.50.255
colombia,45.187.51.0-45.187.51.255
colombia,45.189.119.0-45.189.119.255
colombia,45.189.235.0-45.189.235.255
colombia,45.190.86.0-45.190.86.255
colombia,45.191.2.0-45.191.3.255
colombia,45.191.44.0-45.191.44.255
colombia,45.191.45.0-45.191.46.255
colombia,45.191.47.0-45.191.47.255
colombia,45.191.74.0-45.191.74.255
colombia,45.191.75.0-45.191.75.255
colombia,45.191.232.0-45.191.232.255
colombia,45.191.233.0-45.191.234.255
colombia,45.191.235.0-45.191.235.255
colombia,45.224.186.0-45.224.186.255
colombia,45.225.224.0-45.225.224.255
colombia,45.225.225.0-45.225.225.255
colombia,45.225.226.0-45.225.226.255
colombia,45.225.227.0-45.225.227.255
colombia,45.226.112.0-45.226.115.255
colombia,45.227.5.0-45.227.5.255
colombia,45.229.72.0-45.229.72.255
colombia,45.229.73.0-45.229.73.255
colombia,45.229.192.0-45.229.192.255
colombia,45.229.193.0-45.229.193.255
colombia,45.230.33.0-45.230.33.255
colombia,45.231.184.0-45.231.184.255
colombia,45.231.185.0-45.231.187.255
colombia,45.233.4.0-45.233.7.255
colombia,45.233.72.0-45.233.75.255
colombia,45.233.168.0-45.233.168.255
colombia,45.233.169.0-45.233.169.255
colombia,45.233.170.0-45.233.170.255
colombia,45.233.171.0-45.233.171.255
colombia,45.235.40.0-45.235.40.255
colombia,45.235.41.0-45.235.43.255
colombia,45.238.144.0-45.238.144.255
colombia,45.238.145.0-45.238.145.255
colombia,45.238.146.0-45.238.146.15
colombia,45.238.146.16-45.238.147.255
colombia,45.238.180.0-45.238.182.5
colombia,45.238.182.6-45.238.182.253
colombia,45.238.182.254-45.238.183.255
colombia,45.238.196.0-45.238.196.255
colombia,45.238.197.0-45.238.197.255
colombia,45.238.198.0-45.238.199.255
colombia,45.239.88.0-45.239.91.255
colombia,45.239.115.0-45.239.115.255
colombia,46.255.181.0-46.255.181.255
colombia,51.161.92.64-51.161.92.255
colombia,54.192.190.0-54.192.190.255
colombia,57.74.192.0-57.74.207.255
colombia,63.158.181.232-63.158.181.255
colombia,63.168.93.0-63.168.93.255
colombia,63.171.232.0-63.171.232.255
colombia,63.222.128.0-63.222.128.255
colombia,63.223.57.16-63.223.57.79
colombia,63.243.236.0-63.243.236.255
colombia,64.76.48.0-64.76.48.255
colombia,64.76.49.0-64.76.49.255
colombia,64.76.50.0-64.76.50.255
colombia,64.76.51.0-64.76.51.255
colombia,64.76.52.0-64.76.52.255
colombia,64.76.53.0-64.76.53.255
colombia,64.76.54.0-64.76.54.255
colombia,64.76.55.0-64.76.55.255
colombia,64.76.56.0-64.76.56.255
colombia,64.76.57.0-64.76.57.255
colombia,64.76.58.0-64.76.59.255
colombia,64.76.80.0-64.76.80.255
colombia,64.76.81.0-64.76.81.255
colombia,64.76.82.0-64.76.82.255
colombia,64.76.83.0-64.76.83.255
colombia,64.76.84.0-64.76.84.255
colombia,64.76.85.0-64.76.85.255
colombia,64.76.86.0-64.76.86.255
colombia,64.76.87.0-64.76.87.255
colombia,64.76.88.0-64.76.88.255
colombia,64.76.89.0-64.76.89.255
colombia,64.76.90.0-64.76.91.255
colombia,64.76.112.0-64.76.116.255
colombia,64.76.117.0-64.76.119.255
colombia,64.76.184.0-64.76.185.255
colombia,64.76.186.0-64.76.186.255
colombia,64.76.187.0-64.76.187.255
colombia,64.76.188.0-64.76.191.255
colombia,64.76.208.0-64.76.208.255
colombia,64.76.209.0-64.76.211.255
colombia,64.76.212.0-64.76.212.255
colombia,64.76.213.0-64.76.213.255
colombia,64.76.214.0-64.76.215.255
colombia,64.86.224.0-64.86.225.255
colombia,64.252.186.0-64.252.186.255
colombia,65.122.83.0-65.122.83.255
colombia,65.125.150.0-65.125.150.255
colombia,65.167.48.0-65.167.63.255
colombia,65.167.80.0-65.167.95.255
colombia,65.168.52.0-65.168.53.255
colombia,65.199.244.0-65.199.244.255
colombia,65.208.64.0-65.208.65.255
colombia,65.208.66.0-65.208.67.255
colombia,65.208.69.0-65.208.69.255
colombia,65.243.120.0-65.243.120.255
colombia,66.90.66.0-66.90.67.255
colombia,66.90.77.75-66.90.77.255
colombia,66.90.82.0-66.90.83.255
colombia,66.90.89.0-66.90.89.255
colombia,66.90.125.0-66.90.125.255
colombia,66.90.127.0-66.90.127.255
colombia,67.73.133.0-67.73.133.255
colombia,67.73.152.0-67.73.152.255
colombia,67.73.153.0-67.73.155.55
colombia,67.73.155.56-67.73.155.59
colombia,67.73.155.60-67.73.158.31
colombia,67.73.158.32-67.73.158.163
colombia,67.73.158.164-67.73.159.255
colombia,67.73.184.0-67.73.186.255
colombia,67.73.187.0-67.73.187.255
colombia,67.73.188.0-67.73.190.147
colombia,67.73.190.148-67.73.190.151
colombia,67.73.190.152-67.73.191.255
colombia,67.73.224.0-67.73.230.255
colombia,67.73.231.0-67.73.232.7
colombia,67.73.232.8-67.73.234.255
colombia,67.73.235.0-67.73.235.239
colombia,67.73.235.240-67.73.236.255
colombia,67.73.237.0-67.73.237.79
colombia,67.73.237.80-67.73.241.255
colombia,67.73.242.0-67.73.242.255
colombia,67.73.243.0-67.73.243.255
colombia,67.73.244.0-67.73.244.255
colombia,67.73.245.0-67.73.245.255
colombia,67.73.246.0-67.73.246.223
colombia,67.73.246.224-67.73.253.255
colombia,67.133.209.0-67.133.209.255
colombia,67.134.120.0-67.134.120.255
colombia,68.68.164.0-68.68.164.255
colombia,70.35.155.0-70.35.155.255
colombia,72.46.230.0-72.46.231.255
colombia,72.246.48.0-72.246.49.255
colombia,72.246.208.0-72.246.211.255
colombia,74.206.226.0-74.206.226.255
colombia,77.245.142.0-77.245.143.7
colombia,81.199.115.0-81.199.115.255
colombia,83.171.202.0-83.171.202.255
colombia,87.120.106.0-87.120.106.255
colombia,89.249.56.0-89.249.59.255
colombia,91.148.134.0-91.148.134.255
colombia,95.100.87.0-95.100.87.255
colombia,95.101.29.0-95.101.29.255
colombia,96.7.0.0-96.7.15.255
colombia,96.45.93.0-96.45.93.255
colombia,98.98.6.0-98.98.7.255
colombia,102.217.238.0-102.217.238.255
colombia,103.219.169.0-103.219.169.255
colombia,104.28.11.1-104.28.11.254
colombia,104.44.15.0-104.44.15.255
colombia,104.44.45.0-104.44.46.3
colombia,104.75.170.0-104.75.171.255
colombia,104.77.199.0-104.77.199.255
colombia,104.91.128.0-104.91.165.255
colombia,104.118.25.0-104.118.25.255
colombia,104.130.33.0-104.130.33.255
colombia,104.132.160.0-104.132.160.255
colombia,104.148.121.0-104.148.121.255
colombia,104.166.117.0-104.166.117.255
colombia,104.218.243.0-104.218.243.255
colombia,104.239.184.44-104.239.184.255
colombia,108.159.152.0-108.159.152.255
colombia,116.206.49.0-116.206.49.255
colombia,128.1.24.0-128.1.25.255
colombia,128.14.95.0-128.14.95.255
colombia,130.41.42.0-130.41.42.255
colombia,130.41.68.0-130.41.68.255
colombia,131.0.136.0-131.0.139.255
colombia,131.0.169.56-131.0.169.247
colombia,131.72.136.0-131.72.139.255
colombia,131.100.1.0-131.100.1.255
colombia,131.100.48.0-131.100.50.255
colombia,131.100.51.0-131.100.51.255
colombia,131.108.168.0-131.108.169.255
colombia,131.108.170.0-131.108.171.255
colombia,131.196.208.0-131.196.211.255
colombia,131.196.212.0-131.196.213.255
colombia,131.196.214.0-131.196.214.255
colombia,131.196.215.0-131.196.215.255
colombia,131.221.40.0-131.221.40.255
colombia,131.221.41.0-131.221.42.255
colombia,131.221.43.0-131.221.43.255
colombia,131.255.17.0-131.255.19.255
colombia,132.255.20.0-132.255.20.255
colombia,132.255.21.0-132.255.21.255
colombia,132.255.22.0-132.255.22.255
colombia,132.255.23.0-132.255.23.255
colombia,134.238.150.160-134.238.151.191
colombia,134.238.206.0-134.238.206.255
colombia,135.129.19.0-135.129.19.255
colombia,136.228.226.0-136.228.226.255
colombia,138.0.41.0-138.0.41.255
colombia,138.0.42.0-138.0.42.239
colombia,138.0.42.240-138.0.43.255
colombia,138.0.88.0-138.0.88.255
colombia,138.0.89.0-138.0.89.255
colombia,138.0.90.0-138.0.90.255
colombia,138.0.91.0-138.0.91.255
colombia,138.0.116.0-138.0.116.255
colombia,138.0.117.0-138.0.117.255
colombia,138.0.118.0-138.0.118.255
colombia,138.0.119.0-138.0.119.255
colombia,138.36.64.0-138.36.67.255
colombia,138.84.40.0-138.84.41.255
colombia,138.94.0.0-138.94.0.255
colombia,138.94.1.0-138.94.1.255
colombia,138.94.2.0-138.94.2.255
colombia,138.94.3.0-138.94.3.255
colombia,138.97.56.0-138.97.59.255
colombia,138.97.80.0-138.97.83.255
colombia,138.117.40.0-138.117.41.255
colombia,138.117.42.0-138.117.42.255
colombia,138.117.43.0-138.117.43.255
colombia,138.117.84.0-138.117.84.255
colombia,138.117.85.0-138.117.85.255
colombia,138.117.86.0-138.117.87.1
colombia,138.117.87.2-138.117.87.255
colombia,138.117.108.0-138.117.108.255
colombia,138.117.109.0-138.117.109.255
colombia,138.117.110.0-138.117.110.255
colombia,138.117.111.0-138.117.111.255
colombia,138.117.136.0-138.117.139.255
colombia,138.117.168.0-138.117.168.255
colombia,138.117.169.0-138.117.169.255
colombia,138.117.170.0-138.117.170.255
colombia,138.117.171.0-138.117.171.255
colombia,138.121.4.0-138.121.4.255
colombia,138.121.5.0-138.121.5.255
colombia,138.121.6.0-138.121.7.255
colombia,138.121.12.0-138.121.12.255
colombia,138.121.13.0-138.121.13.255
colombia,138.121.14.0-138.121.14.255
colombia,138.121.15.0-138.121.15.255
colombia,138.121.156.0-138.121.159.255
colombia,138.121.200.0-138.121.200.255
colombia,138.121.201.0-138.121.202.39
colombia,138.121.202.40-138.121.202.255
colombia,138.121.203.0-138.121.203.255
colombia,138.122.200.0-138.122.200.255